Conta,Categoria,Direcao,Slot_15min,Insight_Delivered_Msgs,Insight_Failed_Msgs,Insight_Undelivered_Msgs,Insight_Sent_Msgs,Insight_Delivery_Unknown_Msgs,Insight_Total_Msgs,Extraido_Utc
Bernardo,Broadcast,outbound,2026-05-04 10:30,13,2,0,1,0,16,2026-05-07T10:35:22Z
Bernardo,Broadcast,outbound,2026-05-04 10:45,11,0,1,0,0,12,2026-05-07T10:35:22Z
Bernardo,Broadcast,outbound,2026-05-04 11:00,11,0,1,0,0,12,2026-05-07T10:35:22Z
Bernardo,Broadcast,outbound,2026-05-04 11:15,18,1,1,0,0,20,2026-05-07T10:35:22Z
Bernardo,Broadcast,outbound,2026-05-04 11:30,26,1,0,0,0,27,2026-05-07T10:35:22Z
Bernardo,Broadcast,outbound,2026-05-04 11:45,30,1,0,0,0,31,2026-05-07T10:35:22Z
Bernardo,Broadcast,outbound,2026-05-04 12:00,32,1,0,0,0,33,2026-05-07T10:35:22Z
Bernardo,Broadcast,outbound,2026-05-04 12:15,35,3,0,0,0,38,2026-05-07T10:35:22Z
Bernardo,Broadcast,outbound,2026-05-04 12:30,36,3,1,0,0,40,2026-05-07T10:35:22Z
Bernardo,Broadcast,outbound,2026-05-04 12:45,43,3,3,1,0,50,2026-05-07T10:35:22Z
Bernardo,Broadcast,outbound,2026-05-04 13:00,45,1,0,0,0,46,2026-05-07T10:35:22Z
Bernardo,Broadcast,outbound,2026-05-04 13:15,38,3,2,0,0,43,2026-05-07T10:35:22Z
Bernardo,Broadcast,outbound,2026-05-04 13:30,55,5,0,0,0,60,2026-05-07T10:35:22Z
Bernardo,Broadcast,outbound,2026-05-04 13:45,55,3,0,0,0,58,2026-05-07T10:35:22Z
Bernardo,Broadcast,outbound,2026-05-04 14:00,43,2,0,2,0,47,2026-05-07T10:35:22Z
Bernardo,Broadcast,outbound,2026-05-04 14:15,54,2,2,0,0,58,2026-05-07T10:35:22Z
Bernardo,Broadcast,outbound,2026-05-04 14:30,72,5,1,1,0,79,2026-05-07T10:35:22Z
Bernardo,Broadcast,outbound,2026-05-04 14:45,75,5,1,0,0,81,2026-05-07T10:35:22Z
Richard,Standby,outbound,2026-05-04 14:45,6195,1083,173,41,0,7492,2026-05-07T10:35:16Z
Bernardo,Broadcast,outbound,2026-05-04 15:00,56,2,0,3,0,61,2026-05-07T10:35:22Z
Richard,Standby,outbound,2026-05-04 15:00,14211,3867,634,467,0,19179,2026-05-07T10:35:16Z
Bernardo,Broadcast,outbound,2026-05-04 15:15,56,4,1,1,0,62,2026-05-07T10:35:22Z
Richard,Standby,outbound,2026-05-04 15:15,14458,3409,580,162,0,18609,2026-05-07T10:35:16Z
Bernardo,Broadcast,outbound,2026-05-04 15:30,61,4,1,0,0,66,2026-05-07T10:35:22Z
Joao,Broadcast,outbound,2026-05-04 15:30,2,0,0,0,0,2,2026-05-07T10:35:23Z
Richard,Standby,outbound,2026-05-04 15:30,14492,4481,691,163,0,19827,2026-05-07T10:35:16Z
Bernardo,Broadcast,outbound,2026-05-04 15:45,25,1,2,1,0,29,2026-05-07T10:35:22Z
Joao,Broadcast,outbound,2026-05-04 15:45,37,2,2,0,0,41,2026-05-07T10:35:23Z
Richard,Standby,outbound,2026-05-04 15:45,15097,17660,1174,190,0,34121,2026-05-07T10:35:16Z
Bernardo,Broadcast,outbound,2026-05-04 16:00,48,3,0,5,0,56,2026-05-07T10:35:22Z
Joao,Broadcast,outbound,2026-05-04 16:00,12,1,0,0,0,13,2026-05-07T10:35:23Z
Richard,Standby,outbound,2026-05-04 16:00,13961,9164,781,974,0,24880,2026-05-07T10:35:16Z
Bernardo,Broadcast,outbound,2026-05-04 16:15,38,7,4,0,0,49,2026-05-07T10:35:22Z
Joao,Broadcast,outbound,2026-05-04 16:15,7,1,1,0,0,9,2026-05-07T10:35:23Z
Richard,Standby,outbound,2026-05-04 16:15,14223,2164,661,241,0,17289,2026-05-07T10:35:16Z
Bernardo,Broadcast,outbound,2026-05-04 16:30,38,1,0,0,0,39,2026-05-07T10:35:22Z
Joao,Broadcast,outbound,2026-05-04 16:30,37,3,0,4,0,44,2026-05-07T10:35:23Z
Richard,Standby,outbound,2026-05-04 16:30,14236,1122,548,295,0,16201,2026-05-07T10:35:16Z
Bernardo,Broadcast,outbound,2026-05-04 16:45,31,2,0,0,0,33,2026-05-07T10:35:22Z
Joao,Broadcast,outbound,2026-05-04 16:45,43,1,0,0,0,44,2026-05-07T10:35:23Z
Richard,Standby,outbound,2026-05-04 16:45,14307,1122,536,228,0,16193,2026-05-07T10:35:16Z
Bernardo,Broadcast,outbound,2026-05-04 17:00,22,0,0,0,0,22,2026-05-07T10:35:22Z
Joao,Broadcast,outbound,2026-05-04 17:00,28,2,0,1,0,31,2026-05-07T10:35:23Z
Richard,Standby,outbound,2026-05-04 17:00,13940,1188,585,536,0,16249,2026-05-07T10:35:16Z
Bernardo,Broadcast,outbound,2026-05-04 17:15,26,1,0,0,0,27,2026-05-07T10:35:22Z
Joao,Broadcast,outbound,2026-05-04 17:15,28,4,2,0,0,34,2026-05-07T10:35:23Z
Richard,Standby,outbound,2026-05-04 17:15,14285,1234,564,261,0,16344,2026-05-07T10:35:16Z
Bernardo,Broadcast,outbound,2026-05-04 17:30,38,3,0,0,0,41,2026-05-07T10:35:22Z
Joao,Broadcast,outbound,2026-05-04 17:30,38,2,2,1,0,43,2026-05-07T10:35:23Z
Richard,Standby,outbound,2026-05-04 17:30,14687,1240,548,341,0,16816,2026-05-07T10:35:16Z
Bernardo,Broadcast,outbound,2026-05-04 17:45,35,4,0,0,0,39,2026-05-07T10:35:22Z
Joao,Broadcast,outbound,2026-05-04 17:45,34,5,1,0,0,40,2026-05-07T10:35:23Z
Richard,Standby,outbound,2026-05-04 17:45,15902,1327,578,218,0,18025,2026-05-07T10:35:16Z
Bernardo,Broadcast,outbound,2026-05-04 18:00,35,4,0,1,0,40,2026-05-07T10:35:22Z
Joao,Broadcast,outbound,2026-05-04 18:00,22,3,0,2,0,27,2026-05-07T10:35:23Z
Richard,Standby,outbound,2026-05-04 18:00,16069,1332,611,516,0,18528,2026-05-07T10:35:16Z
Bernardo,Broadcast,outbound,2026-05-04 18:15,30,1,1,1,0,33,2026-05-07T10:35:22Z
Joao,Broadcast,outbound,2026-05-04 18:15,39,1,1,0,0,41,2026-05-07T10:35:23Z
Richard,Standby,outbound,2026-05-04 18:15,16995,1833,591,181,0,19600,2026-05-07T10:35:16Z
Bernardo,Broadcast,outbound,2026-05-04 18:30,28,1,0,0,0,29,2026-05-07T10:35:22Z
Joao,Broadcast,outbound,2026-05-04 18:30,18,3,0,0,0,21,2026-05-07T10:35:23Z
Richard,Standby,outbound,2026-05-04 18:30,17551,3078,573,241,0,21443,2026-05-07T10:35:16Z
Bernardo,Broadcast,outbound,2026-05-04 18:45,28,3,0,0,0,31,2026-05-07T10:35:22Z
Joao,Broadcast,outbound,2026-05-04 18:45,22,3,1,0,0,26,2026-05-07T10:35:23Z
Richard,Standby,outbound,2026-05-04 18:45,17631,2966,733,240,0,21570,2026-05-07T10:35:16Z
Bernardo,Broadcast,outbound,2026-05-04 19:00,27,2,0,0,0,29,2026-05-07T10:35:22Z
Joao,Broadcast,outbound,2026-05-04 19:00,24,2,0,0,0,26,2026-05-07T10:35:23Z
Richard,Standby,outbound,2026-05-04 19:00,16503,2865,737,411,0,20516,2026-05-07T10:35:16Z
Bernardo,Broadcast,outbound,2026-05-04 19:15,16,4,2,0,0,22,2026-05-07T10:35:22Z
Joao,Broadcast,outbound,2026-05-04 19:15,20,5,1,0,0,26,2026-05-07T10:35:23Z
Richard,Standby,outbound,2026-05-04 19:15,16589,2439,580,210,0,19818,2026-05-07T10:35:16Z
Bernardo,Broadcast,outbound,2026-05-04 19:30,28,2,0,0,0,30,2026-05-07T10:35:22Z
Joao,Broadcast,outbound,2026-05-04 19:30,28,3,0,0,0,31,2026-05-07T10:35:23Z
Richard,Standby,outbound,2026-05-04 19:30,18190,1457,491,197,0,20335,2026-05-07T10:35:16Z
Bernardo,Broadcast,outbound,2026-05-04 19:45,23,0,0,0,0,23,2026-05-07T10:35:22Z
Joao,Broadcast,outbound,2026-05-04 19:45,24,2,0,0,0,26,2026-05-07T10:35:23Z
Richard,Standby,outbound,2026-05-04 19:45,23910,1160,763,266,0,26099,2026-05-07T10:35:16Z
Bernardo,Broadcast,outbound,2026-05-04 20:00,15,2,0,1,0,18,2026-05-07T10:35:22Z
Joao,Broadcast,outbound,2026-05-04 20:00,23,1,0,0,0,24,2026-05-07T10:35:23Z
Richard,Standby,outbound,2026-05-04 20:00,20434,5255,925,741,0,27355,2026-05-07T10:35:16Z
Bernardo,Broadcast,outbound,2026-05-04 20:15,24,2,0,0,0,26,2026-05-07T10:35:22Z
Joao,Broadcast,outbound,2026-05-04 20:15,16,1,0,0,0,17,2026-05-07T10:35:23Z
Richard,Standby,outbound,2026-05-04 20:15,17020,2915,736,152,0,20823,2026-05-07T10:35:16Z
Bernardo,Broadcast,outbound,2026-05-04 20:30,16267,5446,1446,348,0,23507,2026-05-07T10:35:22Z
Joao,Broadcast,outbound,2026-05-04 20:30,23,3,0,1,0,27,2026-05-07T10:35:23Z
Richard,Standby,outbound,2026-05-04 20:30,17452,11608,938,190,0,30188,2026-05-07T10:35:16Z
Bernardo,Broadcast,outbound,2026-05-04 20:45,8936,3,681,158,0,9778,2026-05-07T10:35:22Z
Joao,Broadcast,outbound,2026-05-04 20:45,14,3,0,0,0,17,2026-05-07T10:35:23Z
Richard,Standby,outbound,2026-05-04 20:45,20905,16673,1121,264,0,38963,2026-05-07T10:35:16Z
Bernardo,Broadcast,outbound,2026-05-04 21:00,46,5,1,1,0,53,2026-05-07T10:35:22Z
Joao,Broadcast,outbound,2026-05-04 21:00,4,1,0,1,0,6,2026-05-07T10:35:23Z
Richard,Standby,outbound,2026-05-04 21:00,25787,1408,845,401,0,28441,2026-05-07T10:35:16Z
Bernardo,Broadcast,outbound,2026-05-04 21:15,60,4,2,0,0,66,2026-05-07T10:35:22Z
Richard,Standby,outbound,2026-05-04 21:15,27093,0,788,307,0,28188,2026-05-07T10:35:16Z
Bernardo,Broadcast,outbound,2026-05-04 21:30,57,3,2,0,0,62,2026-05-07T10:35:22Z
Richard,Standby,outbound,2026-05-04 21:30,23033,0,651,261,0,23945,2026-05-07T10:35:16Z
Bernardo,Broadcast,outbound,2026-05-04 21:45,40,5,0,0,0,45,2026-05-07T10:35:22Z
Richard,Standby,outbound,2026-05-04 21:45,18026,0,421,175,0,18622,2026-05-07T10:35:16Z
Bernardo,Broadcast,outbound,2026-05-04 22:00,39,4,0,1,0,44,2026-05-07T10:35:22Z
Richard,Standby,outbound,2026-05-04 22:00,17831,0,414,340,0,18585,2026-05-07T10:35:16Z
Bernardo,Broadcast,outbound,2026-05-04 22:15,36,4,0,0,0,40,2026-05-07T10:35:22Z
Richard,Standby,outbound,2026-05-04 22:15,20023,610,597,218,0,21448,2026-05-07T10:35:16Z
Bernardo,Broadcast,outbound,2026-05-04 22:30,22,5,0,1,0,28,2026-05-07T10:35:22Z
Joao,Broadcast,outbound,2026-05-04 22:30,19,0,0,0,0,19,2026-05-07T10:35:23Z
Richard,Standby,outbound,2026-05-04 22:30,23707,3668,838,297,0,28510,2026-05-07T10:35:16Z
Bernardo,Broadcast,outbound,2026-05-04 22:45,49,2,0,0,0,51,2026-05-07T10:35:22Z
Richard,Standby,outbound,2026-05-04 22:45,23881,0,580,254,0,24715,2026-05-07T10:35:16Z
Bernardo,Broadcast,outbound,2026-05-04 23:00,44,3,0,0,0,47,2026-05-07T10:35:22Z
Richard,Standby,outbound,2026-05-04 23:00,28606,0,738,357,0,29701,2026-05-07T10:35:16Z
Bernardo,Broadcast,outbound,2026-05-04 23:15,42,3,1,0,0,46,2026-05-07T10:35:22Z
Richard,Standby,outbound,2026-05-04 23:15,23453,0,630,222,0,24305,2026-05-07T10:35:16Z
Bernardo,Broadcast,outbound,2026-05-04 23:30,33,2,1,3,0,39,2026-05-07T10:35:22Z
Richard,Standby,outbound,2026-05-04 23:30,19565,0,506,306,0,20377,2026-05-07T10:35:16Z
Bernardo,Broadcast,outbound,2026-05-04 23:45,32,4,0,0,0,36,2026-05-07T10:35:22Z
Richard,Standby,outbound,2026-05-04 23:45,23232,0,590,228,0,24050,2026-05-07T10:35:16Z
Bernardo,Broadcast,outbound,2026-05-05 00:00,45,1,1,0,0,47,2026-05-07T10:35:22Z
Richard,Standby,outbound,2026-05-05 00:00,18341,0,546,261,0,19148,2026-05-07T10:35:16Z
Bernardo,Broadcast,outbound,2026-05-05 00:15,49,3,1,0,0,53,2026-05-07T10:35:22Z
Richard,Standby,outbound,2026-05-05 00:15,9376,0,332,116,0,9824,2026-05-07T10:35:16Z
Bernardo,Broadcast,outbound,2026-05-05 00:30,51,6,2,0,0,59,2026-05-07T10:35:22Z
Richard,Standby,outbound,2026-05-05 00:30,385,0,13,6,0,404,2026-05-07T10:35:16Z
Bernardo,Broadcast,outbound,2026-05-05 00:45,38,1,0,0,0,39,2026-05-07T10:35:22Z
Bernardo,Broadcast,outbound,2026-05-05 01:00,35,2,0,1,0,38,2026-05-07T10:35:22Z
Bernardo,Broadcast,outbound,2026-05-05 01:15,35,3,1,0,0,39,2026-05-07T10:35:22Z
Bernardo,Broadcast,outbound,2026-05-05 01:30,37,3,0,1,0,41,2026-05-07T10:35:22Z
Bernardo,Broadcast,outbound,2026-05-05 01:45,48,2,1,0,0,51,2026-05-07T10:35:22Z
Bernardo,Broadcast,outbound,2026-05-05 02:00,41,2,0,0,0,43,2026-05-07T10:35:22Z
Bernardo,Broadcast,outbound,2026-05-05 02:15,43,2,1,0,0,46,2026-05-07T10:35:22Z
Bernardo,Broadcast,outbound,2026-05-05 02:30,37,2,1,0,0,40,2026-05-07T10:35:22Z
Bernardo,Broadcast,outbound,2026-05-05 02:45,37,4,2,0,0,43,2026-05-07T10:35:22Z
Bernardo,Broadcast,outbound,2026-05-05 03:00,38,0,2,0,0,40,2026-05-07T10:35:22Z
Bernardo,Broadcast,outbound,2026-05-05 03:15,45,1,2,0,0,48,2026-05-07T10:35:22Z
Bernardo,Broadcast,outbound,2026-05-05 03:30,30,6,1,0,0,37,2026-05-07T10:35:22Z
Bernardo,Broadcast,outbound,2026-05-05 03:45,29,2,0,0,0,31,2026-05-07T10:35:22Z
Bernardo,Broadcast,outbound,2026-05-05 04:00,32,4,1,0,0,37,2026-05-07T10:35:22Z
Bernardo,Broadcast,outbound,2026-05-05 04:15,26,3,1,0,0,30,2026-05-07T10:35:22Z
Bernardo,Broadcast,outbound,2026-05-05 04:30,38,0,0,0,0,38,2026-05-07T10:35:22Z
Bernardo,Broadcast,outbound,2026-05-05 04:45,32,1,1,0,0,34,2026-05-07T10:35:22Z
Bernardo,Broadcast,outbound,2026-05-05 05:00,29,0,1,0,0,30,2026-05-07T10:35:22Z
Bernardo,Broadcast,outbound,2026-05-05 05:15,32,1,1,0,0,34,2026-05-07T10:35:22Z
Bernardo,Broadcast,outbound,2026-05-05 05:30,32,5,0,1,0,38,2026-05-07T10:35:22Z
Bernardo,Broadcast,outbound,2026-05-05 05:45,28,1,3,0,0,32,2026-05-07T10:35:22Z
Bernardo,Broadcast,outbound,2026-05-05 06:00,28,0,2,0,0,30,2026-05-07T10:35:22Z
Bernardo,Broadcast,outbound,2026-05-05 06:15,35,1,1,0,0,37,2026-05-07T10:35:22Z
Bernardo,Broadcast,outbound,2026-05-05 06:30,18,2,1,0,0,21,2026-05-07T10:35:22Z
Bernardo,Broadcast,outbound,2026-05-05 06:45,21,1,0,0,0,22,2026-05-07T10:35:22Z
Bernardo,Broadcast,outbound,2026-05-05 07:00,20,3,1,0,0,24,2026-05-07T10:35:22Z
Bernardo,Broadcast,outbound,2026-05-05 07:15,12,1,0,0,0,13,2026-05-07T10:35:22Z
Bernardo,Broadcast,outbound,2026-05-05 07:30,21,0,0,0,0,21,2026-05-07T10:35:22Z
Bernardo,Broadcast,outbound,2026-05-05 07:45,14,1,0,0,0,15,2026-05-07T10:35:22Z
Bernardo,Broadcast,outbound,2026-05-05 08:00,12,0,1,0,0,13,2026-05-07T10:35:22Z
Bernardo,Broadcast,outbound,2026-05-05 08:15,12,0,1,0,0,13,2026-05-07T10:35:22Z
Bernardo,Broadcast,outbound,2026-05-05 08:30,15,2,0,1,0,18,2026-05-07T10:35:22Z
Bernardo,Broadcast,outbound,2026-05-05 08:45,14,1,2,0,0,17,2026-05-07T10:35:22Z
Bernardo,Broadcast,outbound,2026-05-05 09:00,14,0,0,0,0,14,2026-05-07T10:35:22Z
Bernardo,Broadcast,outbound,2026-05-05 09:15,14,1,0,0,0,15,2026-05-07T10:35:22Z
Bernardo,Broadcast,outbound,2026-05-05 09:30,4,0,0,0,0,4,2026-05-07T10:35:22Z
Bernardo,Broadcast,outbound,2026-05-05 09:45,14,0,0,0,0,14,2026-05-07T10:35:22Z
Bernardo,Broadcast,outbound,2026-05-05 10:00,9,1,0,0,0,10,2026-05-07T10:35:22Z
Bernardo,Broadcast,outbound,2026-05-05 10:15,8,0,0,0,0,8,2026-05-07T10:35:22Z
Bernardo,Broadcast,outbound,2026-05-05 10:30,13,0,0,0,0,13,2026-05-07T10:35:22Z
Bernardo,Broadcast,outbound,2026-05-05 10:45,9,1,0,0,0,10,2026-05-07T10:35:22Z
Bernardo,Broadcast,outbound,2026-05-05 11:00,11,1,0,0,0,12,2026-05-07T10:35:22Z
Bernardo,Broadcast,outbound,2026-05-05 11:15,10,2,0,0,0,12,2026-05-07T10:35:22Z
Bernardo,Broadcast,outbound,2026-05-05 11:30,16,1,0,0,0,17,2026-05-07T10:35:22Z
Bernardo,Broadcast,outbound,2026-05-05 11:45,22,1,0,0,0,23,2026-05-07T10:35:22Z
Bernardo,Broadcast,outbound,2026-05-05 12:00,23,2,1,0,0,26,2026-05-07T10:35:22Z
Bernardo,Broadcast,outbound,2026-05-05 12:15,22,0,0,0,0,22,2026-05-07T10:35:22Z
Bernardo,Broadcast,outbound,2026-05-05 12:30,29,1,0,0,0,30,2026-05-07T10:35:22Z
Bernardo,Broadcast,outbound,2026-05-05 12:45,42,2,1,0,0,45,2026-05-07T10:35:22Z
Bernardo,Broadcast,outbound,2026-05-05 13:00,33,0,1,1,0,35,2026-05-07T10:35:22Z
Bernardo,Broadcast,outbound,2026-05-05 13:15,29,2,0,0,0,31,2026-05-07T10:35:22Z
Bernardo,Broadcast,outbound,2026-05-05 13:30,29,0,0,0,0,29,2026-05-07T10:35:22Z
Bernardo,Broadcast,outbound,2026-05-05 13:45,42,2,0,0,0,44,2026-05-07T10:35:22Z
Bernardo,Broadcast,outbound,2026-05-05 14:00,44,2,0,0,0,46,2026-05-07T10:35:22Z
Bernardo,Broadcast,outbound,2026-05-05 14:15,40,5,0,0,0,45,2026-05-07T10:35:22Z
Bernardo,Broadcast,outbound,2026-05-05 14:30,34,1,0,0,0,35,2026-05-07T10:35:22Z
Bernardo,Broadcast,outbound,2026-05-05 14:45,53,3,0,0,0,56,2026-05-07T10:35:22Z
Bernardo,Broadcast,outbound,2026-05-05 15:00,47,3,1,0,0,51,2026-05-07T10:35:22Z
Joao,Broadcast,outbound,2026-05-05 15:00,5,0,0,0,0,5,2026-05-07T10:35:23Z
Richard,Standby,outbound,2026-05-05 15:00,193,56,16,4,0,269,2026-05-07T10:35:16Z
Bernardo,Broadcast,outbound,2026-05-05 15:15,24,1,1,0,0,26,2026-05-07T10:35:22Z
Joao,Broadcast,outbound,2026-05-05 15:15,19,1,0,0,0,20,2026-05-07T10:35:23Z
Richard,Standby,outbound,2026-05-05 15:15,2513,577,106,36,0,3232,2026-05-07T10:35:16Z
Bernardo,Broadcast,outbound,2026-05-05 15:30,19,1,0,0,0,20,2026-05-07T10:35:22Z
Joao,Broadcast,outbound,2026-05-05 15:30,46,1,0,0,0,47,2026-05-07T10:35:23Z
Richard,Standby,outbound,2026-05-05 15:30,2804,618,105,34,0,3561,2026-05-07T10:35:16Z
Bernardo,Broadcast,outbound,2026-05-05 15:45,35,0,1,0,0,36,2026-05-07T10:35:22Z
Joao,Broadcast,outbound,2026-05-05 15:45,38,2,0,0,0,40,2026-05-07T10:35:23Z
Richard,Standby,outbound,2026-05-05 15:45,3663,822,132,40,0,4657,2026-05-07T10:35:16Z
Bernardo,Broadcast,outbound,2026-05-05 16:00,17,1,0,5,0,23,2026-05-07T10:35:22Z
Joao,Broadcast,outbound,2026-05-05 16:00,22,0,1,7,0,30,2026-05-07T10:35:23Z
Richard,Standby,outbound,2026-05-05 16:00,3167,818,125,421,0,4531,2026-05-07T10:35:16Z
Bernardo,Broadcast,outbound,2026-05-05 16:15,26,1,0,0,0,27,2026-05-07T10:35:22Z
Joao,Broadcast,outbound,2026-05-05 16:15,21,2,0,1,0,24,2026-05-07T10:35:23Z
Richard,Standby,outbound,2026-05-05 16:15,3621,864,159,105,0,4749,2026-05-07T10:35:16Z
Bernardo,Broadcast,outbound,2026-05-05 16:30,22,0,0,0,0,22,2026-05-07T10:35:22Z
Joao,Broadcast,outbound,2026-05-05 16:30,27,0,0,0,0,27,2026-05-07T10:35:23Z
Richard,Standby,outbound,2026-05-05 16:30,2994,664,111,108,0,3877,2026-05-07T10:35:16Z
Bernardo,Broadcast,outbound,2026-05-05 16:45,26,2,0,0,0,28,2026-05-07T10:35:22Z
Joao,Broadcast,outbound,2026-05-05 16:45,34,0,1,0,0,35,2026-05-07T10:35:23Z
Richard,Standby,outbound,2026-05-05 16:45,2498,681,101,38,0,3318,2026-05-07T10:35:16Z
Bernardo,Broadcast,outbound,2026-05-05 17:00,21,1,0,1,0,23,2026-05-07T10:35:22Z
Joao,Broadcast,outbound,2026-05-05 17:00,35,1,0,4,0,40,2026-05-07T10:35:23Z
Richard,Standby,outbound,2026-05-05 17:00,35022,3805,1951,2176,0,42954,2026-05-07T10:35:16Z
Bernardo,Broadcast,outbound,2026-05-05 17:15,18,2,0,0,0,20,2026-05-07T10:35:22Z
Joao,Broadcast,outbound,2026-05-05 17:15,31,3,1,0,0,35,2026-05-07T10:35:23Z
Richard,Standby,outbound,2026-05-05 17:15,41981,2802,2136,884,0,47803,2026-05-07T10:35:16Z
Bernardo,Broadcast,outbound,2026-05-05 17:30,17,1,0,1,0,19,2026-05-07T10:35:22Z
Joao,Broadcast,outbound,2026-05-05 17:30,27,0,0,0,0,27,2026-05-07T10:35:23Z
Richard,Standby,outbound,2026-05-05 17:30,11921,2210,541,568,0,15240,2026-05-07T10:35:16Z
Bernardo,Broadcast,outbound,2026-05-05 17:45,30,2,0,0,0,32,2026-05-07T10:35:22Z
Joao,Broadcast,outbound,2026-05-05 17:45,24,1,1,0,0,26,2026-05-07T10:35:23Z
Richard,Standby,outbound,2026-05-05 17:45,14773,3001,653,198,0,18625,2026-05-07T10:35:16Z
Bernardo,Broadcast,outbound,2026-05-05 18:00,34,0,0,4,0,38,2026-05-07T10:35:22Z
Joao,Broadcast,outbound,2026-05-05 18:00,33,2,1,4,0,40,2026-05-07T10:35:23Z
Richard,Standby,outbound,2026-05-05 18:00,40542,5819,1924,2745,0,51030,2026-05-07T10:35:16Z
Bernardo,Broadcast,outbound,2026-05-05 18:15,18,0,0,0,0,18,2026-05-07T10:35:22Z
Joao,Broadcast,outbound,2026-05-05 18:15,28,1,1,0,0,30,2026-05-07T10:35:23Z
Richard,Standby,outbound,2026-05-05 18:15,42504,12096,2014,876,0,57490,2026-05-07T10:35:16Z
Bernardo,Broadcast,outbound,2026-05-05 18:30,36,1,0,0,0,37,2026-05-07T10:35:22Z
Joao,Broadcast,outbound,2026-05-05 18:30,35,0,1,1,0,37,2026-05-07T10:35:23Z
Richard,Standby,outbound,2026-05-05 18:30,26123,8606,23373,679,0,58781,2026-05-07T10:35:16Z
Bernardo,Broadcast,outbound,2026-05-05 18:45,6,0,0,0,0,6,2026-05-07T10:35:22Z
Joao,Broadcast,outbound,2026-05-05 18:45,64,1,0,1,0,66,2026-05-07T10:35:23Z
Richard,Standby,outbound,2026-05-05 18:45,14935,6861,8400,257,0,30453,2026-05-07T10:35:16Z
Bernardo,Broadcast,outbound,2026-05-05 19:00,46,10,3,14,0,73,2026-05-07T10:35:22Z
Joao,Broadcast,outbound,2026-05-05 19:00,3608,156,55,28,0,3847,2026-05-07T10:35:23Z
Richard,Standby,outbound,2026-05-05 19:00,11435,3680,498,1615,0,17228,2026-05-07T10:35:16Z
Bernardo,Broadcast,outbound,2026-05-05 19:15,2856,282,51,13,0,3202,2026-05-07T10:35:22Z
Joao,Broadcast,outbound,2026-05-05 19:15,5224,255,72,29,0,5580,2026-05-07T10:35:23Z
Richard,Standby,outbound,2026-05-05 19:15,22592,6641,862,354,0,30449,2026-05-07T10:35:16Z
Bernardo,Broadcast,outbound,2026-05-05 19:30,20,1,0,0,0,21,2026-05-07T10:35:22Z
Joao,Broadcast,outbound,2026-05-05 19:30,33,1,0,0,0,34,2026-05-07T10:35:23Z
Richard,Standby,outbound,2026-05-05 19:30,39748,14811,1693,585,0,56837,2026-05-07T10:35:16Z
Bernardo,Broadcast,outbound,2026-05-05 19:45,17,1,0,0,0,18,2026-05-07T10:35:22Z
Joao,Broadcast,outbound,2026-05-05 19:45,26,2,1,0,0,29,2026-05-07T10:35:23Z
Richard,Standby,outbound,2026-05-05 19:45,37903,11662,1928,658,0,52151,2026-05-07T10:35:16Z
Joao,Broadcast,outbound,2026-05-05 20:00,22276,1655,433,109,0,24473,2026-05-07T10:35:23Z
Bernardo,Broadcast,outbound,2026-05-05 20:15,11277,862,296,50,0,12485,2026-05-07T10:35:22Z
Joao,Broadcast,outbound,2026-05-05 20:15,17154,417,369,72,0,18012,2026-05-07T10:35:23Z
Richard,Standby,outbound,2026-05-05 20:15,603,192,36,11,0,842,2026-05-07T10:35:16Z
Bernardo,Broadcast,outbound,2026-05-05 20:30,14342,1178,293,64,0,15877,2026-05-07T10:35:22Z
Bernardo,Broadcast,outbound,2026-05-05 20:45,251,29,5,0,0,285,2026-05-07T10:35:22Z
Joao,Broadcast,outbound,2026-05-05 20:45,227,15,3,3,0,248,2026-05-07T10:35:23Z
Richard,Standby,outbound,2026-05-05 20:45,31482,10986,1531,590,0,44589,2026-05-07T10:35:16Z
Joao,Broadcast,outbound,2026-05-05 21:00,3944,304,54,218,0,4520,2026-05-07T10:35:23Z
Joao,Broadcast,outbound,2026-05-05 21:15,8265,745,112,44,0,9166,2026-05-07T10:35:23Z
Richard,Standby,outbound,2026-05-05 21:15,4854,209,161,44,0,5268,2026-05-07T10:35:16Z
Joao,Broadcast,outbound,2026-05-05 21:30,4808,293,42,14,0,5157,2026-05-07T10:35:23Z
Joao,Broadcast,outbound,2026-05-05 21:45,136,7,1,1,0,145,2026-05-07T10:35:23Z
Joao,Broadcast,outbound,2026-05-05 22:00,194,20,0,0,0,214,2026-05-07T10:35:23Z
Joao,Broadcast,outbound,2026-05-05 22:15,312,42,3,2,0,359,2026-05-07T10:35:23Z
Joao,Broadcast,outbound,2026-05-05 22:30,133,17,1,0,0,151,2026-05-07T10:35:23Z
Joao,Broadcast,outbound,2026-05-05 22:45,769,33,7,2,0,811,2026-05-07T10:35:23Z
Joao,Broadcast,outbound,2026-05-05 23:00,1561,80,34,15,0,1690,2026-05-07T10:35:23Z
Richard,Standby,outbound,2026-05-05 23:00,2160,190,80,27,0,2457,2026-05-07T10:35:16Z
Joao,Broadcast,outbound,2026-05-05 23:15,102,4,1,0,0,107,2026-05-07T10:35:23Z
Richard,Standby,outbound,2026-05-05 23:15,25668,5946,536,188,0,32338,2026-05-07T10:35:16Z
Joao,Broadcast,outbound,2026-05-05 23:30,104,2,1,0,0,107,2026-05-07T10:35:23Z
Richard,Standby,outbound,2026-05-05 23:30,43973,7801,886,299,0,52959,2026-05-07T10:35:16Z
Joao,Broadcast,outbound,2026-05-05 23:45,80,2,1,1,0,84,2026-05-07T10:35:23Z
Richard,Standby,outbound,2026-05-05 23:45,44051,0,559,298,0,44908,2026-05-07T10:35:16Z
Joao,Broadcast,outbound,2026-05-06 00:00,116,13,1,1,0,131,2026-05-07T10:35:23Z
Richard,Standby,outbound,2026-05-06 00:00,14402,0,167,143,0,14712,2026-05-07T10:35:16Z
Joao,Broadcast,outbound,2026-05-06 00:15,98,2,4,0,0,104,2026-05-07T10:35:23Z
Joao,Broadcast,outbound,2026-05-06 00:30,100,6,0,0,0,106,2026-05-07T10:35:23Z
Joao,Broadcast,outbound,2026-05-06 00:45,106,1,2,1,0,110,2026-05-07T10:35:23Z
Richard,Standby,outbound,2026-05-06 00:45,0,0,1,0,0,1,2026-05-07T10:35:16Z
Joao,Broadcast,outbound,2026-05-06 01:00,80,3,0,0,0,83,2026-05-07T10:35:23Z
Joao,Broadcast,outbound,2026-05-06 01:15,92,3,1,1,0,97,2026-05-07T10:35:23Z
Richard,Standby,outbound,2026-05-06 01:15,1,4,0,0,0,5,2026-05-07T10:35:16Z
Joao,Broadcast,outbound,2026-05-06 01:30,85,4,2,0,0,91,2026-05-07T10:35:23Z
Joao,Broadcast,outbound,2026-05-06 01:45,83,2,1,1,0,87,2026-05-07T10:35:23Z
Richard,Standby,outbound,2026-05-06 01:45,1,1,0,0,0,2,2026-05-07T10:35:16Z
Joao,Broadcast,outbound,2026-05-06 02:00,106,3,1,0,0,110,2026-05-07T10:35:23Z
Richard,Standby,outbound,2026-05-06 02:00,0,1,0,0,0,1,2026-05-07T10:35:16Z
Joao,Broadcast,outbound,2026-05-06 02:15,89,4,2,0,0,95,2026-05-07T10:35:23Z
Richard,Standby,outbound,2026-05-06 02:15,0,2,0,0,0,2,2026-05-07T10:35:16Z
Joao,Broadcast,outbound,2026-05-06 02:30,97,4,0,0,0,101,2026-05-07T10:35:23Z
Richard,Standby,outbound,2026-05-06 02:30,0,5,0,0,0,5,2026-05-07T10:35:16Z
Bernardo,Broadcast,outbound,2026-05-06 02:45,1,0,0,0,0,1,2026-05-07T10:35:22Z
Joao,Broadcast,outbound,2026-05-06 02:45,83,2,1,0,0,86,2026-05-07T10:35:23Z
Richard,Standby,outbound,2026-05-06 02:45,0,2,0,0,0,2,2026-05-07T10:35:16Z
Bernardo,Broadcast,outbound,2026-05-06 03:00,0,1,0,0,0,1,2026-05-07T10:35:22Z
Joao,Broadcast,outbound,2026-05-06 03:00,87,4,3,2,0,96,2026-05-07T10:35:23Z
Bernardo,Broadcast,outbound,2026-05-06 03:15,0,1,0,0,0,1,2026-05-07T10:35:22Z
Joao,Broadcast,outbound,2026-05-06 03:15,69,1,1,1,0,72,2026-05-07T10:35:23Z
Bernardo,Broadcast,outbound,2026-05-06 03:30,2,1,0,0,0,3,2026-05-07T10:35:22Z
Joao,Broadcast,outbound,2026-05-06 03:30,86,0,3,2,0,91,2026-05-07T10:35:23Z
Bernardo,Broadcast,outbound,2026-05-06 03:45,0,1,0,0,0,1,2026-05-07T10:35:22Z
Joao,Broadcast,outbound,2026-05-06 03:45,79,4,4,0,0,87,2026-05-07T10:35:23Z
Joao,Broadcast,outbound,2026-05-06 04:00,70,0,0,0,0,70,2026-05-07T10:35:23Z
Bernardo,Broadcast,outbound,2026-05-06 04:15,0,3,0,0,0,3,2026-05-07T10:35:22Z
Joao,Broadcast,outbound,2026-05-06 04:15,81,3,0,1,0,85,2026-05-07T10:35:23Z
Bernardo,Broadcast,outbound,2026-05-06 04:30,1,1,0,0,0,2,2026-05-07T10:35:22Z
Joao,Broadcast,outbound,2026-05-06 04:30,61,0,2,0,0,63,2026-05-07T10:35:23Z
Bernardo,Broadcast,outbound,2026-05-06 04:45,1,1,0,0,0,2,2026-05-07T10:35:22Z
Joao,Broadcast,outbound,2026-05-06 04:45,63,1,1,0,0,65,2026-05-07T10:35:23Z
Bernardo,Broadcast,outbound,2026-05-06 05:00,0,1,0,0,0,1,2026-05-07T10:35:22Z
Joao,Broadcast,outbound,2026-05-06 05:00,61,1,1,0,0,63,2026-05-07T10:35:23Z
Bernardo,Broadcast,outbound,2026-05-06 05:15,1,1,0,0,0,2,2026-05-07T10:35:22Z
Joao,Broadcast,outbound,2026-05-06 05:15,55,0,2,0,0,57,2026-05-07T10:35:23Z
Bernardo,Broadcast,outbound,2026-05-06 05:30,1,0,0,0,0,1,2026-05-07T10:35:22Z
Joao,Broadcast,outbound,2026-05-06 05:30,57,0,3,0,0,60,2026-05-07T10:35:23Z
Bernardo,Broadcast,outbound,2026-05-06 05:45,1,0,0,0,0,1,2026-05-07T10:35:22Z
Joao,Broadcast,outbound,2026-05-06 05:45,43,0,1,0,0,44,2026-05-07T10:35:23Z
Bernardo,Broadcast,outbound,2026-05-06 06:00,0,1,0,0,0,1,2026-05-07T10:35:22Z
Joao,Broadcast,outbound,2026-05-06 06:00,49,0,1,1,0,51,2026-05-07T10:35:23Z
Bernardo,Broadcast,outbound,2026-05-06 06:15,1,0,0,0,0,1,2026-05-07T10:35:22Z
Joao,Broadcast,outbound,2026-05-06 06:15,34,1,3,0,0,38,2026-05-07T10:35:23Z
Joao,Broadcast,outbound,2026-05-06 06:30,39,1,2,0,0,42,2026-05-07T10:35:23Z
Bernardo,Broadcast,outbound,2026-05-06 06:45,1,1,0,0,0,2,2026-05-07T10:35:22Z
Joao,Broadcast,outbound,2026-05-06 06:45,38,0,2,0,0,40,2026-05-07T10:35:23Z
Bernardo,Broadcast,outbound,2026-05-06 07:00,0,1,0,0,0,1,2026-05-07T10:35:22Z
Joao,Broadcast,outbound,2026-05-06 07:00,37,0,0,0,0,37,2026-05-07T10:35:23Z
Bernardo,Broadcast,outbound,2026-05-06 07:15,1,0,0,0,0,1,2026-05-07T10:35:22Z
Joao,Broadcast,outbound,2026-05-06 07:15,43,0,1,0,0,44,2026-05-07T10:35:23Z
Joao,Broadcast,outbound,2026-05-06 07:30,31,2,0,0,0,33,2026-05-07T10:35:23Z
Joao,Broadcast,outbound,2026-05-06 07:45,29,0,1,0,0,30,2026-05-07T10:35:23Z
Joao,Broadcast,outbound,2026-05-06 08:00,25,1,0,0,0,26,2026-05-07T10:35:23Z
Joao,Broadcast,outbound,2026-05-06 08:15,12,0,0,0,0,12,2026-05-07T10:35:23Z
Joao,Broadcast,outbound,2026-05-06 08:30,21,0,1,0,0,22,2026-05-07T10:35:23Z
Joao,Broadcast,outbound,2026-05-06 08:45,25,0,0,0,0,25,2026-05-07T10:35:23Z
Joao,Broadcast,outbound,2026-05-06 09:00,21,0,0,0,0,21,2026-05-07T10:35:23Z
Bernardo,Broadcast,outbound,2026-05-06 09:15,0,1,0,0,0,1,2026-05-07T10:35:22Z
Joao,Broadcast,outbound,2026-05-06 09:15,20,0,2,0,0,22,2026-05-07T10:35:23Z
Joao,Broadcast,outbound,2026-05-06 09:30,19,0,0,0,0,19,2026-05-07T10:35:23Z
Joao,Broadcast,outbound,2026-05-06 09:45,21,0,1,0,0,22,2026-05-07T10:35:23Z
Joao,Broadcast,outbound,2026-05-06 10:00,19,0,1,0,0,20,2026-05-07T10:35:23Z
Joao,Broadcast,outbound,2026-05-06 10:15,20,1,1,0,0,22,2026-05-07T10:35:23Z
Joao,Broadcast,outbound,2026-05-06 10:30,21,0,1,0,0,22,2026-05-07T10:35:23Z
Joao,Broadcast,outbound,2026-05-06 10:45,21,1,0,0,0,22,2026-05-07T10:35:23Z
Joao,Broadcast,outbound,2026-05-06 11:00,23,0,1,0,0,24,2026-05-07T10:35:23Z
Joao,Broadcast,outbound,2026-05-06 11:15,30,1,0,0,0,31,2026-05-07T10:35:23Z
Joao,Broadcast,outbound,2026-05-06 11:30,61,0,0,0,0,61,2026-05-07T10:35:23Z
Joao,Broadcast,outbound,2026-05-06 11:45,54,0,1,0,0,55,2026-05-07T10:35:23Z
Joao,Broadcast,outbound,2026-05-06 12:00,48,1,1,0,0,50,2026-05-07T10:35:23Z
Joao,Broadcast,outbound,2026-05-06 12:15,69,0,0,0,0,69,2026-05-07T10:35:23Z
Joao,Broadcast,outbound,2026-05-06 12:30,66,5,2,0,0,73,2026-05-07T10:35:23Z
Joao,Broadcast,outbound,2026-05-06 12:45,86,1,3,0,0,90,2026-05-07T10:35:23Z
Joao,Broadcast,outbound,2026-05-06 13:00,86,3,4,1,0,94,2026-05-07T10:35:23Z
Bernardo,Broadcast,outbound,2026-05-06 13:15,1,2,0,0,0,3,2026-05-07T10:35:22Z
Joao,Broadcast,outbound,2026-05-06 13:15,124,1,1,0,0,126,2026-05-07T10:35:23Z
Joao,Broadcast,outbound,2026-05-06 13:30,93,4,0,0,0,97,2026-05-07T10:35:23Z
Bernardo,Broadcast,outbound,2026-05-06 13:45,2,1,0,0,0,3,2026-05-07T10:35:22Z
Joao,Broadcast,outbound,2026-05-06 13:45,114,2,1,0,0,117,2026-05-07T10:35:23Z
Joao,Broadcast,outbound,2026-05-06 14:00,100,2,2,0,0,104,2026-05-07T10:35:23Z
Bernardo,Broadcast,outbound,2026-05-06 14:15,1,1,0,0,0,2,2026-05-07T10:35:22Z
Joao,Broadcast,outbound,2026-05-06 14:15,133,3,3,1,0,140,2026-05-07T10:35:23Z
Joao,Broadcast,outbound,2026-05-06 14:30,118,3,2,1,0,124,2026-05-07T10:35:23Z
Bernardo,Broadcast,outbound,2026-05-06 14:45,73,5,3,0,0,81,2026-05-07T10:35:22Z
Joao,Broadcast,outbound,2026-05-06 14:45,60,6,1,0,0,67,2026-05-07T10:35:23Z
Richard,Standby,outbound,2026-05-06 14:45,7895,1899,310,114,0,10218,2026-05-07T10:35:16Z
Bernardo,Broadcast,outbound,2026-05-06 15:00,114,4,1,10,0,129,2026-05-07T10:35:22Z
Joao,Broadcast,outbound,2026-05-06 15:00,0,0,0,1,0,1,2026-05-07T10:35:23Z
Bernardo,Broadcast,outbound,2026-05-06 15:15,167,2,2,3,0,174,2026-05-07T10:35:22Z
Joao,Broadcast,outbound,2026-05-06 15:15,1,1,0,0,0,2,2026-05-07T10:35:23Z
Bernardo,Broadcast,outbound,2026-05-06 15:30,166,5,2,0,0,173,2026-05-07T10:35:22Z
Joao,Broadcast,outbound,2026-05-06 15:30,2,0,0,0,0,2,2026-05-07T10:35:23Z
Bernardo,Broadcast,outbound,2026-05-06 15:45,82,1,1,1,0,85,2026-05-07T10:35:22Z
Joao,Broadcast,outbound,2026-05-06 15:45,56,0,2,1,0,59,2026-05-07T10:35:23Z
Richard,Standby,outbound,2026-05-06 15:45,32557,10758,1407,549,0,45271,2026-05-07T10:35:16Z
Bernardo,Broadcast,outbound,2026-05-06 16:00,63,4,1,6,0,74,2026-05-07T10:35:22Z
Joao,Broadcast,outbound,2026-05-06 16:00,87,6,1,8,0,102,2026-05-07T10:35:23Z
Richard,Standby,outbound,2026-05-06 16:00,39486,15726,2234,3965,0,61411,2026-05-07T10:35:16Z
Bernardo,Broadcast,outbound,2026-05-06 16:15,12914,770,457,187,0,14328,2026-05-07T10:35:22Z
Joao,Broadcast,outbound,2026-05-06 16:15,76,0,0,1,0,77,2026-05-07T10:35:23Z
Richard,Standby,outbound,2026-05-06 16:15,42776,16143,1998,958,0,61875,2026-05-07T10:35:16Z
Bernardo,Broadcast,outbound,2026-05-06 16:30,23408,1592,697,641,0,26338,2026-05-07T10:35:22Z
Joao,Broadcast,outbound,2026-05-06 16:30,37,1,1,2,0,41,2026-05-07T10:35:23Z
Richard,Standby,outbound,2026-05-06 16:30,42507,8499,1552,1122,0,53680,2026-05-07T10:35:16Z
Bernardo,Broadcast,outbound,2026-05-06 16:45,23279,1368,874,392,0,25913,2026-05-07T10:35:22Z
Joao,Broadcast,outbound,2026-05-06 16:45,1,0,0,0,0,1,2026-05-07T10:35:23Z
Richard,Standby,outbound,2026-05-06 16:45,30449,0,856,570,0,31875,2026-05-07T10:35:16Z
Bernardo,Broadcast,outbound,2026-05-06 17:00,21396,1554,1365,2048,0,26363,2026-05-07T10:35:22Z
Joao,Broadcast,outbound,2026-05-06 17:00,2,2,0,0,0,4,2026-05-07T10:35:23Z
Bernardo,Broadcast,outbound,2026-05-06 17:15,23671,1675,738,430,0,26514,2026-05-07T10:35:22Z
Joao,Broadcast,outbound,2026-05-06 17:15,1,0,0,0,0,1,2026-05-07T10:35:23Z
Bernardo,Broadcast,outbound,2026-05-06 17:30,22854,3390,1017,857,0,28118,2026-05-07T10:35:22Z
Joao,Broadcast,outbound,2026-05-06 17:30,1,0,0,0,0,1,2026-05-07T10:35:23Z
Bernardo,Broadcast,outbound,2026-05-06 17:45,4264,746,191,82,0,5283,2026-05-07T10:35:22Z
Joao,Broadcast,outbound,2026-05-06 17:45,0,1,0,0,0,1,2026-05-07T10:35:23Z
Bernardo,Broadcast,outbound,2026-05-06 18:00,89,4,1,13,0,107,2026-05-07T10:35:22Z
Joao,Broadcast,outbound,2026-05-06 18:00,4,2,0,1,0,7,2026-05-07T10:35:23Z
Bernardo,Broadcast,outbound,2026-05-06 18:15,119,4,2,0,0,125,2026-05-07T10:35:22Z
Joao,Broadcast,outbound,2026-05-06 18:15,2,1,0,0,0,3,2026-05-07T10:35:23Z
Bernardo,Broadcast,outbound,2026-05-06 18:30,120,4,1,0,0,125,2026-05-07T10:35:22Z
Joao,Broadcast,outbound,2026-05-06 18:30,1,1,0,0,0,2,2026-05-07T10:35:23Z
Bernardo,Broadcast,outbound,2026-05-06 18:45,109,1,2,1,0,113,2026-05-07T10:35:22Z
Joao,Broadcast,outbound,2026-05-06 18:45,3,0,0,0,0,3,2026-05-07T10:35:23Z
Bernardo,Broadcast,outbound,2026-05-06 19:00,106,5,0,1,0,112,2026-05-07T10:35:22Z
Joao,Broadcast,outbound,2026-05-06 19:00,1,0,0,0,0,1,2026-05-07T10:35:23Z
Bernardo,Broadcast,outbound,2026-05-06 19:15,211,10,5,1,0,227,2026-05-07T10:35:22Z
Joao,Broadcast,outbound,2026-05-06 19:15,4,2,0,0,0,6,2026-05-07T10:35:23Z
Richard,Standby,outbound,2026-05-06 19:15,13414,494,251,131,0,14290,2026-05-07T10:35:16Z
Bernardo,Broadcast,outbound,2026-05-06 19:30,159,7,2,1,0,169,2026-05-07T10:35:22Z
Joao,Broadcast,outbound,2026-05-06 19:30,3,0,0,0,0,3,2026-05-07T10:35:23Z
Richard,Standby,outbound,2026-05-06 19:30,23827,995,579,313,0,25714,2026-05-07T10:35:16Z
Bernardo,Broadcast,outbound,2026-05-06 19:45,519,7,12,2,0,540,2026-05-07T10:35:22Z
Joao,Broadcast,outbound,2026-05-06 19:45,41,6,0,0,0,47,2026-05-07T10:35:23Z
Richard,Standby,outbound,2026-05-06 19:45,1635,69,36,16,0,1756,2026-05-07T10:35:16Z
Bernardo,Broadcast,outbound,2026-05-06 20:00,64,2,0,3,0,69,2026-05-07T10:35:22Z
Joao,Broadcast,outbound,2026-05-06 20:00,53,1,0,2,0,56,2026-05-07T10:35:23Z
Richard,Standby,outbound,2026-05-06 20:00,39320,10338,1701,1615,0,52974,2026-05-07T10:35:16Z
Bernardo,Broadcast,outbound,2026-05-06 20:15,299,15,6,1,0,321,2026-05-07T10:35:22Z
Joao,Broadcast,outbound,2026-05-06 20:15,14,1,0,0,0,15,2026-05-07T10:35:23Z
Richard,Standby,outbound,2026-05-06 20:15,35853,8039,812,325,0,45029,2026-05-07T10:35:16Z
Bernardo,Broadcast,outbound,2026-05-06 20:30,1908,122,28,12,0,2070,2026-05-07T10:35:22Z
Joao,Broadcast,outbound,2026-05-06 20:30,34,7,0,0,0,41,2026-05-07T10:35:23Z
Richard,Standby,outbound,2026-05-06 20:30,43363,8593,1206,698,0,53860,2026-05-07T10:35:16Z
Bernardo,Broadcast,outbound,2026-05-06 20:45,639,48,14,6,0,707,2026-05-07T10:35:22Z
Joao,Broadcast,outbound,2026-05-06 20:45,8,2,0,0,0,10,2026-05-07T10:35:23Z
Richard,Standby,outbound,2026-05-06 20:45,42984,2011,1415,738,0,47148,2026-05-07T10:35:16Z
Bernardo,Broadcast,outbound,2026-05-06 21:00,4254,418,75,29,0,4776,2026-05-07T10:35:22Z
Joao,Broadcast,outbound,2026-05-06 21:00,27,1,0,0,0,28,2026-05-07T10:35:23Z
Richard,Standby,outbound,2026-05-06 21:00,42234,2666,1499,1353,0,47752,2026-05-07T10:35:16Z
Bernardo,Broadcast,outbound,2026-05-06 21:15,7612,487,116,53,0,8268,2026-05-07T10:35:22Z
Joao,Broadcast,outbound,2026-05-06 21:15,226,23,0,2,0,251,2026-05-07T10:35:23Z
Richard,Standby,outbound,2026-05-06 21:15,40388,531,1330,827,0,43076,2026-05-07T10:35:16Z
Bernardo,Broadcast,outbound,2026-05-06 21:30,10032,309,205,53,0,10599,2026-05-07T10:35:22Z
Joao,Broadcast,outbound,2026-05-06 21:30,990,170,5,7,0,1172,2026-05-07T10:35:23Z
Richard,Standby,outbound,2026-05-06 21:30,1024,0,30,36,0,1090,2026-05-07T10:35:16Z
Bernardo,Broadcast,outbound,2026-05-06 21:45,24571,800,353,169,0,25893,2026-05-07T10:35:22Z
Joao,Broadcast,outbound,2026-05-06 21:45,1381,243,7,5,0,1636,2026-05-07T10:35:23Z
Bernardo,Broadcast,outbound,2026-05-06 22:00,7114,353,85,93,0,7645,2026-05-07T10:35:22Z
Joao,Broadcast,outbound,2026-05-06 22:00,320,106,3,1,0,430,2026-05-07T10:35:23Z
Bernardo,Broadcast,outbound,2026-05-06 22:15,45,1,0,0,0,46,2026-05-07T10:35:22Z
Bernardo,Broadcast,outbound,2026-05-06 22:30,66,1,0,1,0,68,2026-05-07T10:35:22Z
Joao,Broadcast,outbound,2026-05-06 22:30,2,0,0,0,0,2,2026-05-07T10:35:23Z
Bernardo,Broadcast,outbound,2026-05-06 22:45,412,27,3,3,0,445,2026-05-07T10:35:22Z
Joao,Broadcast,outbound,2026-05-06 22:45,13,4,0,0,0,17,2026-05-07T10:35:23Z
Bernardo,Broadcast,outbound,2026-05-06 23:00,5360,237,120,122,0,5839,2026-05-07T10:35:22Z
Joao,Broadcast,outbound,2026-05-06 23:00,260,93,4,8,0,365,2026-05-07T10:35:23Z
Bernardo,Broadcast,outbound,2026-05-06 23:15,2863,146,58,34,0,3101,2026-05-07T10:35:22Z
Joao,Broadcast,outbound,2026-05-06 23:15,30,9,0,0,0,39,2026-05-07T10:35:23Z
Bernardo,Broadcast,outbound,2026-05-06 23:30,68,2,0,0,0,70,2026-05-07T10:35:22Z
Joao,Broadcast,outbound,2026-05-06 23:30,1,0,0,0,0,1,2026-05-07T10:35:23Z
Bernardo,Broadcast,outbound,2026-05-06 23:45,67,2,1,1,0,71,2026-05-07T10:35:22Z
Bernardo,Broadcast,outbound,2026-05-07 00:00,1461,63,17,16,0,1557,2026-05-07T10:35:22Z
Joao,Broadcast,outbound,2026-05-07 00:00,9,3,0,0,0,12,2026-05-07T10:35:23Z
Bernardo,Broadcast,outbound,2026-05-07 00:15,63,2,2,0,0,67,2026-05-07T10:35:22Z
Bernardo,Broadcast,outbound,2026-05-07 00:30,62,0,1,0,0,63,2026-05-07T10:35:22Z
Joao,Broadcast,outbound,2026-05-07 00:30,1,1,0,0,0,2,2026-05-07T10:35:23Z
Bernardo,Broadcast,outbound,2026-05-07 00:45,97,0,1,1,0,99,2026-05-07T10:35:22Z
Joao,Broadcast,outbound,2026-05-07 00:45,2,0,0,0,0,2,2026-05-07T10:35:23Z
Bernardo,Broadcast,outbound,2026-05-07 01:00,64,1,1,1,0,67,2026-05-07T10:35:22Z
Joao,Broadcast,outbound,2026-05-07 01:00,1,0,0,0,0,1,2026-05-07T10:35:23Z
Bernardo,Broadcast,outbound,2026-05-07 01:15,51,1,1,0,0,53,2026-05-07T10:35:22Z
Joao,Broadcast,outbound,2026-05-07 01:15,0,1,0,0,0,1,2026-05-07T10:35:23Z
Bernardo,Broadcast,outbound,2026-05-07 01:30,69,1,0,1,0,71,2026-05-07T10:35:22Z
Joao,Broadcast,outbound,2026-05-07 01:30,1,0,0,0,0,1,2026-05-07T10:35:23Z
Bernardo,Broadcast,outbound,2026-05-07 01:45,58,1,2,1,0,62,2026-05-07T10:35:22Z
Joao,Broadcast,outbound,2026-05-07 01:45,0,1,0,0,0,1,2026-05-07T10:35:23Z
Bernardo,Broadcast,outbound,2026-05-07 02:00,58,0,2,1,0,61,2026-05-07T10:35:22Z
Joao,Broadcast,outbound,2026-05-07 02:00,1,1,0,0,0,2,2026-05-07T10:35:23Z
Bernardo,Broadcast,outbound,2026-05-07 02:15,58,0,0,2,0,60,2026-05-07T10:35:22Z
Joao,Broadcast,outbound,2026-05-07 02:15,2,1,0,0,0,3,2026-05-07T10:35:23Z
Bernardo,Broadcast,outbound,2026-05-07 02:30,70,2,0,1,0,73,2026-05-07T10:35:22Z
Joao,Broadcast,outbound,2026-05-07 02:30,2,0,0,0,0,2,2026-05-07T10:35:23Z
Bernardo,Broadcast,outbound,2026-05-07 02:45,73,2,1,2,0,78,2026-05-07T10:35:22Z
Joao,Broadcast,outbound,2026-05-07 02:45,0,1,0,0,0,1,2026-05-07T10:35:23Z
Bernardo,Broadcast,outbound,2026-05-07 03:00,69,1,3,1,0,74,2026-05-07T10:35:22Z
Bernardo,Broadcast,outbound,2026-05-07 03:15,60,1,0,0,0,61,2026-05-07T10:35:22Z
Bernardo,Broadcast,outbound,2026-05-07 03:30,64,0,0,2,0,66,2026-05-07T10:35:22Z
Bernardo,Broadcast,outbound,2026-05-07 03:45,69,2,1,2,0,74,2026-05-07T10:35:22Z
Joao,Broadcast,outbound,2026-05-07 03:45,2,0,0,0,0,2,2026-05-07T10:35:23Z
Bernardo,Broadcast,outbound,2026-05-07 04:00,62,2,1,0,0,65,2026-05-07T10:35:22Z
Bernardo,Broadcast,outbound,2026-05-07 04:15,65,1,0,1,0,67,2026-05-07T10:35:22Z
Joao,Broadcast,outbound,2026-05-07 04:15,1,0,0,0,0,1,2026-05-07T10:35:23Z
Bernardo,Broadcast,outbound,2026-05-07 04:30,57,1,0,3,0,61,2026-05-07T10:35:22Z
Joao,Broadcast,outbound,2026-05-07 04:30,0,1,0,0,0,1,2026-05-07T10:35:23Z
Bernardo,Broadcast,outbound,2026-05-07 04:45,46,2,2,1,0,51,2026-05-07T10:35:22Z
Bernardo,Broadcast,outbound,2026-05-07 05:00,50,0,0,1,0,51,2026-05-07T10:35:22Z
Joao,Broadcast,outbound,2026-05-07 05:00,1,0,0,0,0,1,2026-05-07T10:35:23Z
Bernardo,Broadcast,outbound,2026-05-07 05:15,49,0,0,1,0,50,2026-05-07T10:35:22Z
Bernardo,Broadcast,outbound,2026-05-07 05:30,41,2,0,1,0,44,2026-05-07T10:35:22Z
Joao,Broadcast,outbound,2026-05-07 05:30,2,0,0,0,0,2,2026-05-07T10:35:23Z
Bernardo,Broadcast,outbound,2026-05-07 05:45,50,2,0,1,0,53,2026-05-07T10:35:22Z
Joao,Broadcast,outbound,2026-05-07 05:45,0,0,1,0,0,1,2026-05-07T10:35:23Z
Bernardo,Broadcast,outbound,2026-05-07 06:00,43,1,3,2,0,49,2026-05-07T10:35:22Z
Joao,Broadcast,outbound,2026-05-07 06:00,1,0,0,0,0,1,2026-05-07T10:35:23Z
Bernardo,Broadcast,outbound,2026-05-07 06:15,47,1,0,3,0,51,2026-05-07T10:35:22Z
Joao,Broadcast,outbound,2026-05-07 06:15,0,1,0,0,0,1,2026-05-07T10:35:23Z
Bernardo,Broadcast,outbound,2026-05-07 06:30,44,0,1,4,0,49,2026-05-07T10:35:22Z
Bernardo,Broadcast,outbound,2026-05-07 06:45,46,1,2,2,0,51,2026-05-07T10:35:22Z
Joao,Broadcast,outbound,2026-05-07 06:45,1,1,0,0,0,2,2026-05-07T10:35:23Z
Bernardo,Broadcast,outbound,2026-05-07 07:00,36,0,0,1,0,37,2026-05-07T10:35:22Z
Bernardo,Broadcast,outbound,2026-05-07 07:15,36,2,0,1,0,39,2026-05-07T10:35:22Z
Bernardo,Broadcast,outbound,2026-05-07 07:30,24,0,1,1,0,26,2026-05-07T10:35:22Z
Joao,Broadcast,outbound,2026-05-07 07:30,1,0,0,0,0,1,2026-05-07T10:35:23Z
Bernardo,Broadcast,outbound,2026-05-07 07:45,25,0,0,1,0,26,2026-05-07T10:35:22Z
Joao,Broadcast,outbound,2026-05-07 07:45,0,1,0,0,0,1,2026-05-07T10:35:23Z
Bernardo,Broadcast,outbound,2026-05-07 08:00,29,0,0,0,0,29,2026-05-07T10:35:22Z
Bernardo,Broadcast,outbound,2026-05-07 08:15,21,1,1,2,0,25,2026-05-07T10:35:22Z
Bernardo,Broadcast,outbound,2026-05-07 08:30,17,0,0,1,0,18,2026-05-07T10:35:22Z
Joao,Broadcast,outbound,2026-05-07 08:30,2,0,0,0,0,2,2026-05-07T10:35:23Z
Bernardo,Broadcast,outbound,2026-05-07 08:45,24,0,0,3,0,27,2026-05-07T10:35:22Z
Bernardo,Broadcast,outbound,2026-05-07 09:00,24,1,0,0,0,25,2026-05-07T10:35:22Z
Joao,Broadcast,outbound,2026-05-07 09:00,0,1,0,0,0,1,2026-05-07T10:35:23Z
Bernardo,Broadcast,outbound,2026-05-07 09:15,19,0,1,1,0,21,2026-05-07T10:35:22Z
Bernardo,Broadcast,outbound,2026-05-07 09:30,13,1,1,0,0,15,2026-05-07T10:35:22Z
Bernardo,Broadcast,outbound,2026-05-07 09:45,27,0,2,0,0,29,2026-05-07T10:35:22Z
Joao,Broadcast,outbound,2026-05-07 09:45,1,1,0,0,0,2,2026-05-07T10:35:23Z
Bernardo,Broadcast,outbound,2026-05-07 10:00,22,0,0,0,0,22,2026-05-07T10:35:22Z
Bernardo,Broadcast,outbound,2026-05-07 10:15,19,0,0,0,0,19,2026-05-07T10:35:22Z
Joao,Broadcast,outbound,2026-05-07 10:15,0,2,0,0,0,2,2026-05-07T10:35:23Z
Bernardo,Broadcast,outbound,2026-05-07 10:30,3,0,0,0,0,3,2026-05-07T10:35:22Z
