Slot_15min,Conta,Categoria,Delivered,Failed,Undelivered,Unknown,Total_Slot
2026-03-30 03:30,NS,Recuperação,1,0,0,0,1
2026-03-30 03:15,NS,Recuperação,4,0,0,1,5
2026-03-30 03:00,NS,Recuperação,0,0,0,1,1
2026-03-30 02:45,NS,Recuperação,1,0,0,1,2
2026-03-30 02:30,NS,Recuperação,1,0,0,0,1
2026-03-30 02:15,NS,Recuperação,2,0,0,0,2
2026-03-30 02:00,NS,Recuperação,1,0,0,1,2
2026-03-30 01:45,NS,Recuperação,3,0,0,0,3
2026-03-30 01:15,NS,Recuperação,2,0,0,0,2
2026-03-30 01:00,NS,Recuperação,1,0,0,1,2
2026-03-30 00:45,NS,Recuperação,1,0,0,1,2
2026-03-30 00:30,NS,Recuperação,2,0,0,3,5
2026-03-30 00:15,NS,Recuperação,5,0,0,0,5
2026-03-30 00:00,NS,Recuperação,1,0,0,1,2
2026-03-29 23:45,NS,Recuperação,41,0,1,2,44
2026-03-29 23:30,NS,Recuperação,61,1,2,3,67
2026-03-29 23:15,NS,Recuperação,72,0,0,6,78
2026-03-29 23:00,NS,Recuperação,56,0,1,5,62
2026-03-29 22:45,NS,Recuperação,65,0,2,3,70
2026-03-29 22:30,NS,Recuperação,65,1,2,5,73
2026-03-29 22:15,NS,Recuperação,69,1,2,2,74
2026-03-29 22:00,NS,Recuperação,82,0,0,4,86
2026-03-29 21:45,NS,Recuperação,60,0,0,6,66
2026-03-29 21:30,NS,Recuperação,71,1,3,4,79
2026-03-29 21:15,NS,Recuperação,54,0,2,2,58
2026-03-29 21:00,NS,Recuperação,84,0,2,3,89
2026-03-29 20:45,NS,Recuperação,61,0,2,6,69
2026-03-29 20:30,NS,Recuperação,69,0,2,3,74
2026-03-29 20:15,NS,Recuperação,82,0,1,2,85
2026-03-29 20:00,NS,Recuperação,58,0,0,4,62
2026-03-29 19:45,NS,Recuperação,57,0,1,5,63
2026-03-29 19:30,NS,Recuperação,75,0,2,2,79
2026-03-29 19:15,NS,Recuperação,93,0,1,6,100
2026-03-29 19:00,NS,Recuperação,65,0,1,8,74
2026-03-29 18:45,NS,Recuperação,69,0,0,6,75
2026-03-29 18:30,NS,Recuperação,80,1,2,2,85
2026-03-29 18:15,NS,Recuperação,64,0,2,6,72
2026-03-29 18:00,NS,Recuperação,87,0,0,10,97
2026-03-29 17:45,NS,Recuperação,79,1,0,1,81
2026-03-29 17:30,NS,Recuperação,85,0,1,2,88
2026-03-29 17:15,NS,Recuperação,83,0,2,2,87
2026-03-29 17:00,NS,Recuperação,57,1,0,1,59
2026-03-29 16:45,NS,Recuperação,80,0,0,2,82
2026-03-29 16:30,NS,Recuperação,75,1,1,2,79
2026-03-29 16:15,NS,Recuperação,99,0,1,4,104
2026-03-29 16:00,NS,Recuperação,76,0,0,4,80
2026-03-29 15:45,NS,Recuperação,91,0,2,6,99
2026-03-29 15:30,NS,Recuperação,98,0,1,3,102
2026-03-29 15:15,NS,Recuperação,52,1,1,7,61
2026-03-29 15:00,NS,Recuperação,77,0,2,8,87
2026-03-29 14:45,NS,Recuperação,98,0,2,7,107
2026-03-29 14:30,NS,Recuperação,103,0,0,4,107
2026-03-29 14:15,NS,Recuperação,93,1,3,6,103
2026-03-29 14:00,NS,Recuperação,97,0,1,4,102
2026-03-29 13:45,NS,Recuperação,75,1,0,2,78
2026-03-29 13:30,NS,Recuperação,86,1,0,4,91
2026-03-29 13:15,NS,Recuperação,81,0,2,3,86
2026-03-29 13:00,NS,Recuperação,61,0,1,2,64
2026-03-29 12:45,NS,Recuperação,87,0,3,1,91
2026-03-29 12:30,NS,Recuperação,83,0,0,1,84
2026-03-29 12:15,NS,Recuperação,52,0,0,4,56
2026-03-29 12:00,NS,Recuperação,62,0,3,5,70
2026-03-29 11:45,NS,Recuperação,49,0,2,2,53
2026-03-29 11:30,NS,Recuperação,49,0,3,5,57
2026-03-29 11:15,NS,Recuperação,37,0,1,2,40
2026-03-29 11:00,NS,Recuperação,43,0,0,2,45
2026-03-29 10:45,NS,Recuperação,47,0,2,2,51
2026-03-29 10:30,NS,Recuperação,35,1,0,4,40
2026-03-29 10:15,NS,Recuperação,32,0,0,1,33
2026-03-29 10:00,NS,Recuperação,29,0,1,1,31
2026-03-29 09:45,NS,Recuperação,36,0,0,0,36
2026-03-29 09:30,NS,Recuperação,55,0,2,0,57
2026-03-29 09:15,NS,Recuperação,40,0,0,0,40
2026-03-29 09:00,NS,Recuperação,35,0,0,1,36
2026-03-29 08:45,NS,Recuperação,56,0,2,1,59
2026-03-29 08:30,NS,Recuperação,36,0,2,1,39
2026-03-29 08:15,NS,Recuperação,28,0,2,1,31
2026-03-29 08:00,NS,Recuperação,31,0,0,0,31
2026-03-29 07:45,NS,Recuperação,33,0,3,2,38
2026-03-29 07:30,NS,Recuperação,51,1,1,1,54
2026-03-29 07:15,NS,Recuperação,47,0,2,0,49
2026-03-29 07:00,NS,Recuperação,50,1,1,2,54
2026-03-29 06:45,NS,Recuperação,58,1,0,0,59
2026-03-29 06:30,NS,Recuperação,64,0,1,2,67
2026-03-29 06:15,NS,Recuperação,59,0,3,2,64
2026-03-29 06:00,NS,Recuperação,56,0,0,1,57
2026-03-29 05:45,NS,Recuperação,77,0,3,2,82
2026-03-29 05:30,NS,Recuperação,64,0,1,0,65
2026-03-29 05:15,NS,Recuperação,57,0,4,0,61
2026-03-29 05:00,NS,Recuperação,63,0,1,1,65
2026-03-29 04:45,NS,Recuperação,72,0,3,4,79
2026-03-29 04:30,NS,Recuperação,80,2,0,6,88
2026-03-29 04:15,NS,Recuperação,78,0,3,2,83
2026-03-29 04:00,NS,Recuperação,73,0,3,11,87
2026-03-29 03:45,NS,Recuperação,64,0,0,2,66
2026-03-30 03:45,Joao,Broadcast,0,0,0,1,1
2026-03-30 03:30,Joao,Broadcast,0,0,0,9,9
2026-03-30 03:15,Joao,Broadcast,1,0,0,8,9
2026-03-30 03:00,Joao,Broadcast,0,0,0,10,10
2026-03-30 02:45,Joao,Broadcast,0,0,0,14,14
2026-03-30 02:30,Joao,Broadcast,0,0,0,11,11
2026-03-30 02:15,Joao,Broadcast,0,0,0,19,19
2026-03-30 02:00,Joao,Broadcast,0,0,0,14,14
2026-03-30 01:45,Joao,Broadcast,0,0,0,13,13
2026-03-30 01:30,Joao,Broadcast,0,0,0,15,15
2026-03-30 01:15,Joao,Broadcast,0,0,0,22,22
2026-03-30 01:00,Joao,Broadcast,0,0,0,22,22
2026-03-30 00:45,Joao,Broadcast,0,0,0,32,32
2026-03-30 00:30,Joao,Broadcast,0,0,0,36,36
2026-03-30 00:15,Joao,Broadcast,0,0,0,31,31
2026-03-30 00:00,Joao,Broadcast,0,0,0,46,46
2026-03-29 23:45,Joao,Broadcast,10459,1378,339,309,12485
2026-03-29 23:30,Joao,Broadcast,17642,2083,709,447,20881
2026-03-29 23:15,Joao,Broadcast,15121,1764,571,386,17842
2026-03-29 23:00,Joao,Broadcast,18553,1200,755,423,20931
2026-03-29 22:45,Joao,Broadcast,0,0,0,16,16
2026-03-29 22:30,Joao,Broadcast,0,0,0,31,31
2026-03-29 22:15,Joao,Broadcast,0,0,0,37,37
2026-03-29 22:00,Joao,Broadcast,0,0,0,33,33
2026-03-29 21:45,Joao,Broadcast,0,0,0,52,52
2026-03-29 21:30,Joao,Broadcast,0,0,0,63,63
2026-03-29 21:15,Joao,Broadcast,0,0,0,75,75
2026-03-29 21:00,Joao,Broadcast,13208,1950,431,688,16277
2026-03-29 20:45,Joao,Broadcast,12464,1174,583,263,14484
2026-03-29 20:30,Joao,Broadcast,19247,1653,725,408,22033
2026-03-29 20:15,Joao,Broadcast,18532,1464,694,422,21112
2026-03-29 20:00,Joao,Broadcast,17260,3004,683,642,21589
2026-03-29 19:45,Joao,Broadcast,16773,1214,871,287,19145
2026-03-29 19:30,Joao,Broadcast,16406,860,845,286,18397
2026-03-29 19:15,Joao,Broadcast,16502,817,624,352,18295
2026-03-29 19:00,Joao,Broadcast,16312,1528,693,500,19033
2026-03-29 18:45,Joao,Broadcast,17826,3806,498,357,22487
2026-03-29 18:30,Joao,Broadcast,15332,1777,541,248,17898
2026-03-29 18:15,Joao,Broadcast,5033,446,141,127,5747
2026-03-29 18:00,Joao,Broadcast,0,0,0,40,40
2026-03-29 17:45,Joao,Broadcast,15965,1838,684,254,18741
2026-03-29 17:30,Joao,Broadcast,16843,1643,575,443,19504
2026-03-29 17:15,Joao,Broadcast,3944,393,120,82,4539
2026-03-29 17:00,Joao,Broadcast,0,0,0,20,20
2026-03-29 16:45,Joao,Broadcast,0,0,0,13,13
2026-03-29 16:30,Joao,Broadcast,0,0,0,14,14
2026-03-29 16:15,Joao,Broadcast,0,0,0,10,10
2026-03-29 16:00,Joao,Broadcast,0,0,0,10,10
2026-03-29 15:45,Joao,Broadcast,0,0,0,17,17
2026-03-29 15:30,Joao,Broadcast,0,0,0,16,16
2026-03-29 15:15,Joao,Broadcast,0,0,0,21,21
2026-03-29 15:00,Joao,Broadcast,0,0,0,12,12
2026-03-29 14:45,Joao,Broadcast,0,0,0,20,20
2026-03-29 14:30,Joao,Broadcast,0,0,0,19,19
2026-03-29 14:15,Joao,Broadcast,0,0,0,14,14
2026-03-29 14:00,Joao,Broadcast,0,0,0,16,16
2026-03-29 13:45,Joao,Broadcast,0,0,0,14,14
2026-03-29 13:30,Joao,Broadcast,0,0,0,20,20
2026-03-29 13:15,Joao,Broadcast,0,0,0,11,11
2026-03-29 13:00,Joao,Broadcast,0,0,0,14,14
2026-03-29 12:45,Joao,Broadcast,0,0,0,15,15
2026-03-29 12:30,Joao,Broadcast,0,0,0,14,14
2026-03-29 12:15,Joao,Broadcast,0,0,0,7,7
2026-03-29 12:00,Joao,Broadcast,0,0,0,14,14
2026-03-29 11:45,Joao,Broadcast,0,0,0,1,1
2026-03-29 11:30,Joao,Broadcast,0,0,0,7,7
2026-03-29 11:15,Joao,Broadcast,0,0,0,9,9
2026-03-29 11:00,Joao,Broadcast,0,0,0,7,7
2026-03-29 10:45,Joao,Broadcast,0,0,0,3,3
2026-03-29 10:30,Joao,Broadcast,0,0,0,5,5
2026-03-29 10:15,Joao,Broadcast,0,0,0,6,6
2026-03-29 10:00,Joao,Broadcast,0,0,0,3,3
2026-03-29 09:45,Joao,Broadcast,0,0,0,3,3
2026-03-29 09:15,Joao,Broadcast,0,0,0,3,3
2026-03-29 08:45,Joao,Broadcast,0,0,0,1,1
2026-03-29 08:30,Joao,Broadcast,0,0,0,1,1
2026-03-29 08:15,Joao,Broadcast,0,0,0,4,4
2026-03-29 08:00,Joao,Broadcast,0,0,0,2,2
2026-03-29 07:45,Joao,Broadcast,0,0,0,2,2
2026-03-29 07:30,Joao,Broadcast,0,0,0,1,1
2026-03-29 07:15,Joao,Broadcast,0,0,0,2,2
2026-03-29 07:00,Joao,Broadcast,0,0,0,7,7
2026-03-29 06:45,Joao,Broadcast,0,0,0,4,4
2026-03-29 06:30,Joao,Broadcast,0,0,0,10,10
2026-03-29 06:15,Joao,Broadcast,0,0,0,7,7
2026-03-29 06:00,Joao,Broadcast,0,0,0,2,2
2026-03-29 05:45,Joao,Broadcast,0,0,0,5,5
2026-03-29 05:30,Joao,Broadcast,0,0,0,6,6
2026-03-29 05:15,Joao,Broadcast,0,0,0,5,5
2026-03-29 05:00,Joao,Broadcast,0,0,0,5,5
2026-03-29 04:45,Joao,Broadcast,0,0,0,6,6
2026-03-29 04:30,Joao,Broadcast,0,0,0,6,6
2026-03-29 04:15,Joao,Broadcast,0,0,0,3,3
2026-03-29 04:00,Joao,Broadcast,0,0,0,16,16
2026-03-29 03:45,Joao,Broadcast,0,0,0,9,9
2026-03-30 03:45,Bernardo,Broadcast,0,0,0,11,11
2026-03-30 03:30,Bernardo,Broadcast,0,0,0,52,52
2026-03-30 03:15,Bernardo,Broadcast,0,0,0,61,61
2026-03-30 03:00,Bernardo,Broadcast,0,0,0,80,80
2026-03-30 02:45,Bernardo,Broadcast,0,0,0,74,74
2026-03-30 02:30,Bernardo,Broadcast,0,0,0,90,90
2026-03-30 02:15,Bernardo,Broadcast,0,0,0,90,90
2026-03-30 02:00,Bernardo,Broadcast,0,0,0,109,109
2026-03-30 01:45,Bernardo,Broadcast,0,0,0,113,113
2026-03-30 01:30,Bernardo,Broadcast,0,0,0,138,138
2026-03-30 01:15,Bernardo,Broadcast,0,0,0,169,169
2026-03-30 01:00,Bernardo,Broadcast,0,0,0,192,192
2026-03-30 00:45,Bernardo,Broadcast,0,0,0,193,193
2026-03-30 00:30,Bernardo,Broadcast,0,0,0,230,230
2026-03-30 00:15,Bernardo,Broadcast,0,0,0,264,264
2026-03-30 00:00,Bernardo,Broadcast,0,0,0,295,295
2026-03-29 23:45,Bernardo,Broadcast,4421,568,130,478,5597
2026-03-29 23:30,Bernardo,Broadcast,7551,953,273,578,9355
2026-03-29 23:15,Bernardo,Broadcast,6358,523,236,718,7835
2026-03-29 23:00,Bernardo,Broadcast,9013,704,405,923,11045
2026-03-29 22:45,Bernardo,Broadcast,27726,618,642,1766,30752
2026-03-29 22:30,Bernardo,Broadcast,26899,670,674,1582,29825
2026-03-29 22:15,Bernardo,Broadcast,25666,898,681,1686,28931
2026-03-29 22:00,Bernardo,Broadcast,24300,664,647,1734,27345
2026-03-29 21:45,Bernardo,Broadcast,24775,780,632,1481,27668
2026-03-29 21:30,Bernardo,Broadcast,24667,673,664,1458,27462
2026-03-29 21:15,Bernardo,Broadcast,25176,676,665,1239,27756
2026-03-29 21:00,Bernardo,Broadcast,9949,1010,299,523,11781
2026-03-29 20:45,Bernardo,Broadcast,5707,615,236,184,6742
2026-03-29 20:30,Bernardo,Broadcast,8441,747,276,286,9750
2026-03-29 20:15,Bernardo,Broadcast,8552,597,257,313,9719
2026-03-29 20:00,Bernardo,Broadcast,6903,1019,267,372,8561
2026-03-29 19:45,Bernardo,Broadcast,7275,561,317,208,8361
2026-03-29 19:30,Bernardo,Broadcast,7374,420,323,270,8387
2026-03-29 19:15,Bernardo,Broadcast,7335,363,343,303,8344
2026-03-29 19:00,Bernardo,Broadcast,7130,661,372,441,8604
2026-03-29 18:45,Bernardo,Broadcast,7236,1499,174,396,9305
2026-03-29 18:30,Bernardo,Broadcast,6765,741,246,415,8167
2026-03-29 18:15,Bernardo,Broadcast,19183,2363,549,937,23032
2026-03-29 18:00,Bernardo,Broadcast,18784,2255,512,855,22406
2026-03-29 17:45,Bernardo,Broadcast,7013,754,281,280,8328
2026-03-29 17:30,Bernardo,Broadcast,7182,565,273,459,8479
2026-03-29 17:15,Bernardo,Broadcast,20309,2510,612,806,24237
2026-03-29 17:00,Bernardo,Broadcast,22550,3032,644,1792,28018
2026-03-29 16:45,Bernardo,Broadcast,8115,989,220,209,9533
2026-03-29 16:30,Bernardo,Broadcast,0,0,0,10,10
2026-03-29 16:15,Bernardo,Broadcast,0,0,0,13,13
2026-03-29 16:00,Bernardo,Broadcast,0,0,0,11,11
2026-03-29 15:45,Bernardo,Broadcast,0,0,0,16,16
2026-03-29 15:30,Bernardo,Broadcast,0,0,0,13,13
2026-03-29 15:15,Bernardo,Broadcast,0,0,0,16,16
2026-03-29 15:00,Bernardo,Broadcast,0,0,0,15,15
2026-03-29 14:45,Bernardo,Broadcast,0,0,0,24,24
2026-03-29 14:30,Bernardo,Broadcast,0,0,0,16,16
2026-03-29 14:15,Bernardo,Broadcast,0,0,0,11,11
2026-03-29 14:00,Bernardo,Broadcast,0,0,0,14,14
2026-03-29 13:45,Bernardo,Broadcast,0,0,0,13,13
2026-03-29 13:30,Bernardo,Broadcast,0,0,0,9,9
2026-03-29 13:15,Bernardo,Broadcast,0,0,0,14,14
2026-03-29 13:00,Bernardo,Broadcast,0,0,0,17,17
2026-03-29 12:45,Bernardo,Broadcast,0,0,0,13,13
2026-03-29 12:30,Bernardo,Broadcast,0,0,0,11,11
2026-03-29 12:15,Bernardo,Broadcast,0,0,0,10,10
2026-03-29 12:00,Bernardo,Broadcast,0,0,0,14,14
2026-03-29 11:45,Bernardo,Broadcast,0,0,0,10,10
2026-03-29 11:30,Bernardo,Broadcast,0,0,0,9,9
2026-03-29 11:15,Bernardo,Broadcast,0,0,0,3,3
2026-03-29 11:00,Bernardo,Broadcast,0,0,0,8,8
2026-03-29 10:45,Bernardo,Broadcast,0,0,0,4,4
2026-03-29 10:30,Bernardo,Broadcast,0,0,0,6,6
2026-03-29 10:15,Bernardo,Broadcast,0,0,0,4,4
2026-03-29 09:45,Bernardo,Broadcast,0,0,0,2,2
2026-03-29 09:30,Bernardo,Broadcast,0,0,0,1,1
2026-03-29 09:15,Bernardo,Broadcast,0,0,0,3,3
2026-03-29 08:45,Bernardo,Broadcast,0,0,0,4,4
2026-03-29 08:15,Bernardo,Broadcast,0,0,0,4,4
2026-03-29 08:00,Bernardo,Broadcast,0,0,0,3,3
2026-03-29 07:45,Bernardo,Broadcast,0,0,0,3,3
2026-03-29 07:30,Bernardo,Broadcast,0,0,0,1,1
2026-03-29 07:15,Bernardo,Broadcast,0,0,0,3,3
2026-03-29 07:00,Bernardo,Broadcast,0,0,0,5,5
2026-03-29 06:45,Bernardo,Broadcast,0,0,0,1,1
2026-03-29 06:30,Bernardo,Broadcast,0,0,0,2,2
2026-03-29 06:15,Bernardo,Broadcast,0,0,0,6,6
2026-03-29 06:00,Bernardo,Broadcast,0,0,0,1,1
2026-03-29 05:45,Bernardo,Broadcast,0,0,0,4,4
2026-03-29 05:15,Bernardo,Broadcast,0,0,0,8,8
2026-03-29 05:00,Bernardo,Broadcast,0,0,0,4,4
2026-03-29 04:45,Bernardo,Broadcast,0,0,0,10,10
2026-03-29 04:30,Bernardo,Broadcast,0,0,0,14,14
2026-03-29 04:15,Bernardo,Broadcast,0,0,0,8,8
2026-03-29 04:00,Bernardo,Broadcast,0,0,0,9,9
2026-03-29 03:45,Bernardo,Broadcast,0,0,0,12,12
2026-03-30 02:15,Rafa,Broadcast,0,0,0,1,1
2026-03-30 01:45,Rafa,Broadcast,0,0,0,1,1
2026-03-30 00:30,Rafa,Broadcast,0,0,0,1,1
2026-03-30 00:15,Rafa,Broadcast,0,0,0,2,2
2026-03-29 22:00,Rafa,Broadcast,0,0,0,1,1
2026-03-29 21:15,Rafa,Broadcast,0,0,0,1,1
2026-03-29 20:15,Rafa,Broadcast,0,0,0,1,1
2026-03-29 19:30,Rafa,Broadcast,0,0,0,1,1
2026-03-29 19:00,Rafa,Broadcast,0,0,0,2,2
2026-03-29 15:45,Rafa,Broadcast,0,0,0,2,2
2026-03-29 15:15,Rafa,Broadcast,0,0,0,1,1
2026-03-29 13:30,Rafa,Broadcast,0,0,0,1,1
2026-03-29 13:15,Rafa,Broadcast,0,0,0,1,1
2026-03-29 12:00,Rafa,Broadcast,0,0,0,1,1
2026-03-30 03:45,Havenmove,Standby,0,0,0,2,2
2026-03-30 03:30,Havenmove,Standby,0,0,0,6,6
2026-03-30 03:15,Havenmove,Standby,0,0,0,6,6
2026-03-30 03:00,Havenmove,Standby,0,0,0,10,10
2026-03-30 02:45,Havenmove,Standby,0,0,0,7,7
2026-03-30 02:30,Havenmove,Standby,0,0,0,5,5
2026-03-30 02:15,Havenmove,Standby,0,0,0,5,5
2026-03-30 02:00,Havenmove,Standby,0,0,0,7,7
2026-03-30 01:45,Havenmove,Standby,0,0,0,7,7
2026-03-30 01:30,Havenmove,Standby,0,0,0,8,8
2026-03-30 01:15,Havenmove,Standby,0,0,0,14,14
2026-03-30 01:00,Havenmove,Standby,0,0,0,9,9
2026-03-30 00:45,Havenmove,Standby,0,0,0,7,7
2026-03-30 00:30,Havenmove,Standby,0,0,0,9,9
2026-03-30 00:15,Havenmove,Standby,0,0,0,12,12
2026-03-30 00:00,Havenmove,Standby,0,0,0,14,14
2026-03-29 23:45,Havenmove,Standby,0,0,0,17,17
2026-03-29 23:30,Havenmove,Standby,0,0,0,22,22
2026-03-29 23:15,Havenmove,Standby,0,0,0,15,15
2026-03-29 23:00,Havenmove,Standby,0,0,0,19,19
2026-03-29 22:45,Havenmove,Standby,0,0,0,25,25
2026-03-29 22:30,Havenmove,Standby,0,0,0,18,18
2026-03-29 22:15,Havenmove,Standby,0,0,0,22,22
2026-03-29 22:00,Havenmove,Standby,0,0,0,14,14
2026-03-29 21:45,Havenmove,Standby,0,0,0,29,29
2026-03-29 21:30,Havenmove,Standby,0,0,0,36,36
2026-03-29 21:15,Havenmove,Standby,0,0,0,36,36
2026-03-29 21:00,Havenmove,Standby,0,0,0,34,34
2026-03-29 20:45,Havenmove,Standby,0,0,0,52,52
2026-03-29 20:30,Havenmove,Standby,0,0,0,40,40
2026-03-29 20:15,Havenmove,Standby,0,0,0,48,48
2026-03-29 20:00,Havenmove,Standby,0,0,0,48,48
2026-03-29 19:45,Havenmove,Standby,0,0,0,54,54
2026-03-29 19:30,Havenmove,Standby,0,0,0,82,82
2026-03-29 19:15,Havenmove,Standby,572,0,12,124,708
2026-03-29 19:00,Havenmove,Standby,1260,0,27,168,1455
2026-03-29 18:45,Havenmove,Standby,2323,0,52,211,2586
2026-03-29 18:30,Havenmove,Standby,2356,0,57,199,2612
2026-03-29 18:15,Havenmove,Standby,2589,0,54,207,2850
2026-03-29 18:00,Havenmove,Standby,2529,32,56,270,2887
2026-03-29 17:45,Havenmove,Standby,2578,8,53,213,2852
2026-03-29 17:30,Havenmove,Standby,2557,0,51,217,2825
2026-03-29 17:15,Havenmove,Standby,2533,0,69,190,2792
2026-03-29 17:00,Havenmove,Standby,2504,0,47,263,2814
2026-03-29 16:45,Havenmove,Standby,2600,127,50,173,2950
2026-03-29 16:30,Havenmove,Standby,2592,56,55,143,2846
2026-03-29 16:15,Havenmove,Standby,1854,104,37,105,2100
2026-03-29 16:00,Havenmove,Standby,1411,16,27,129,1583
2026-03-29 15:45,Havenmove,Standby,1273,15,29,66,1383
2026-03-29 15:30,Havenmove,Standby,1344,16,33,73,1466
2026-03-29 15:15,Havenmove,Standby,1240,12,27,55,1334
2026-03-29 15:00,Havenmove,Standby,324,3,10,16,353
2026-03-29 14:45,Havenmove,Standby,0,0,0,4,4
2026-03-29 14:30,Havenmove,Standby,0,0,0,2,2
2026-03-29 14:15,Havenmove,Standby,0,0,0,1,1
2026-03-29 13:45,Havenmove,Standby,0,0,0,2,2
2026-03-29 13:30,Havenmove,Standby,0,0,0,2,2
2026-03-29 13:15,Havenmove,Standby,0,0,0,5,5
2026-03-29 13:00,Havenmove,Standby,0,0,0,5,5
2026-03-29 12:45,Havenmove,Standby,0,0,0,1,1
2026-03-29 12:30,Havenmove,Standby,0,0,0,4,4
2026-03-29 11:45,Havenmove,Standby,0,0,0,1,1
2026-03-29 11:30,Havenmove,Standby,0,0,0,1,1
2026-03-29 11:00,Havenmove,Standby,0,0,0,2,2
2026-03-29 10:30,Havenmove,Standby,0,0,0,3,3
2026-03-29 10:15,Havenmove,Standby,0,0,0,1,1
2026-03-29 08:30,Havenmove,Standby,0,0,0,1,1
2026-03-29 08:15,Havenmove,Standby,0,0,0,1,1
2026-03-29 07:00,Havenmove,Standby,0,0,0,1,1
2026-03-29 06:30,Havenmove,Standby,0,0,0,1,1
2026-03-29 06:00,Havenmove,Standby,0,0,0,1,1
2026-03-29 05:15,Havenmove,Standby,0,0,0,1,1
2026-03-29 05:00,Havenmove,Standby,0,0,0,1,1
2026-03-29 04:45,Havenmove,Standby,0,0,0,1,1
2026-03-29 04:30,Havenmove,Standby,0,0,0,4,4
2026-03-29 04:15,Havenmove,Standby,0,0,0,1,1
2026-03-29 04:00,Havenmove,Standby,0,0,0,3,3
2026-03-29 03:45,Havenmove,Standby,0,0,0,2,2
2026-03-30 03:45,Richard,Standby,3,0,0,1,4
2026-03-30 03:30,Richard,Standby,74,0,2,6,82
2026-03-30 03:15,Richard,Standby,73,0,0,13,86
2026-03-30 03:00,Richard,Standby,81,0,1,5,87
2026-03-30 02:45,Richard,Standby,172,28,1,9,210
2026-03-30 02:30,Richard,Standby,70,0,1,14,85
2026-03-30 02:15,Richard,Standby,81,1,1,6,89
2026-03-30 02:00,Richard,Standby,85,1,2,14,102
2026-03-30 01:45,Richard,Standby,72,0,3,11,86
2026-03-30 01:30,Richard,Standby,102,0,2,16,120
2026-03-30 01:15,Richard,Standby,85,0,2,16,103
2026-03-30 01:00,Richard,Standby,90,1,1,15,107
2026-03-30 00:45,Richard,Standby,87,1,0,14,102
2026-03-30 00:30,Richard,Standby,93,1,5,9,108
2026-03-30 00:15,Richard,Standby,91,4,0,15,110
2026-03-30 00:00,Richard,Standby,91,0,3,17,111
2026-03-29 23:45,Richard,Standby,44,1,1,12,58
2026-03-29 23:30,Richard,Standby,39,1,1,17,58
2026-03-29 23:15,Richard,Standby,39,0,0,18,57
2026-03-29 23:00,Richard,Standby,38,0,1,14,53
2026-03-29 22:45,Richard,Standby,32,0,1,16,49
2026-03-29 22:30,Richard,Standby,36,0,0,17,53
2026-03-29 22:15,Richard,Standby,37,0,1,16,54
2026-03-29 22:00,Richard,Standby,29,0,1,20,50
2026-03-29 21:45,Richard,Standby,31,1,0,24,56
2026-03-29 21:30,Richard,Standby,41,1,1,37,80
2026-03-29 21:15,Richard,Standby,35,0,0,31,66
2026-03-29 21:00,Richard,Standby,31,0,0,31,62
2026-03-29 20:45,Richard,Standby,43,0,1,34,78
2026-03-29 20:30,Richard,Standby,44,0,0,38,82
2026-03-29 20:15,Richard,Standby,42,0,1,47,90
2026-03-29 20:00,Richard,Standby,132,0,1,66,199
2026-03-29 19:45,Richard,Standby,1270,0,39,101,1410
2026-03-29 19:30,Richard,Standby,1844,2,43,136,2025
2026-03-29 19:15,Richard,Standby,2328,1,58,143,2530
2026-03-29 19:00,Richard,Standby,2460,1,57,175,2693
2026-03-29 18:45,Richard,Standby,2572,0,64,146,2782
2026-03-29 18:30,Richard,Standby,2567,0,70,137,2774
2026-03-29 18:15,Richard,Standby,2587,0,61,134,2782
2026-03-29 18:00,Richard,Standby,2519,161,62,218,2960
2026-03-29 17:45,Richard,Standby,2600,41,61,130,2832
2026-03-29 17:30,Richard,Standby,2586,1,50,149,2786
2026-03-29 17:15,Richard,Standby,2592,0,64,133,2789
2026-03-29 17:00,Richard,Standby,2507,0,51,214,2772
2026-03-29 16:45,Richard,Standby,2606,357,53,107,3123
2026-03-29 16:30,Richard,Standby,2616,1193,44,81,3934
2026-03-29 16:15,Richard,Standby,1305,102,48,42,1497
2026-03-29 16:00,Richard,Standby,227,11,7,19,264
2026-03-29 15:45,Richard,Standby,278,19,5,7,309
2026-03-29 15:30,Richard,Standby,264,13,9,12,298
2026-03-29 15:15,Richard,Standby,396,18,11,13,438
2026-03-29 15:00,Richard,Standby,91,4,1,3,99
2026-03-29 14:45,Richard,Standby,0,0,0,2,2
2026-03-29 14:30,Richard,Standby,0,0,0,2,2
2026-03-29 14:15,Richard,Standby,1,0,0,3,4
2026-03-29 14:00,Richard,Standby,0,0,0,2,2
2026-03-29 13:45,Richard,Standby,1,0,0,1,2
2026-03-29 13:30,Richard,Standby,3,0,0,1,4
2026-03-29 13:15,Richard,Standby,0,0,0,4,4
2026-03-29 13:00,Richard,Standby,0,0,0,2,2
2026-03-29 12:45,Richard,Standby,0,0,0,1,1
2026-03-29 12:15,Richard,Standby,0,0,0,2,2
2026-03-29 12:00,Richard,Standby,0,0,0,1,1
2026-03-29 11:45,Richard,Standby,0,0,0,3,3
2026-03-29 11:30,Richard,Standby,0,0,0,3,3
2026-03-29 11:15,Richard,Standby,0,0,0,4,4
2026-03-29 11:00,Richard,Standby,0,0,0,1,1
2026-03-29 10:30,Richard,Standby,2,0,0,0,2
2026-03-29 10:15,Richard,Standby,0,0,0,1,1
2026-03-29 07:45,Richard,Standby,0,0,0,1,1
2026-03-29 07:30,Richard,Standby,1,0,0,0,1
2026-03-29 07:00,Richard,Standby,0,1,0,1,2
2026-03-29 06:45,Richard,Standby,0,1,0,1,2
2026-03-29 06:30,Richard,Standby,1,0,0,0,1
2026-03-29 06:15,Richard,Standby,0,0,0,2,2
2026-03-29 06:00,Richard,Standby,0,0,0,1,1
2026-03-29 05:45,Richard,Standby,0,0,0,1,1
2026-03-29 05:30,Richard,Standby,0,0,0,3,3
2026-03-29 05:15,Richard,Standby,0,0,0,1,1
2026-03-29 05:00,Richard,Standby,0,0,0,1,1
2026-03-29 04:30,Richard,Standby,2,0,0,2,4
2026-03-29 04:15,Richard,Standby,0,0,0,2,2
2026-03-29 03:45,Richard,Standby,0,0,0,1,1
2026-03-29 23:45,Naturemove,Standby,0,0,0,1,1
2026-03-29 22:15,Naturemove,Standby,0,0,0,1,1
2026-03-29 21:30,Naturemove,Standby,0,0,0,1,1
2026-03-29 20:30,Naturemove,Standby,0,0,0,2,2
2026-03-29 20:15,Naturemove,Standby,0,0,0,1,1
2026-03-29 19:45,Naturemove,Standby,0,0,0,1,1
2026-03-29 18:30,Naturemove,Standby,0,0,0,1,1
2026-03-29 18:00,Naturemove,Standby,0,0,0,1,1
2026-03-29 17:45,Naturemove,Standby,0,0,0,2,2
2026-03-29 17:00,Naturemove,Standby,0,0,0,2,2
2026-03-29 16:30,Naturemove,Standby,0,0,0,1,1
2026-03-29 14:45,Naturemove,Standby,0,0,0,1,1
2026-03-29 12:45,Naturemove,Standby,0,0,0,1,1
2026-03-29 11:30,Naturemove,Standby,0,0,0,1,1
2026-03-29 05:45,Naturemove,Standby,0,0,0,1,1
2026-03-29 04:30,Naturemove,Standby,0,0,0,1,1
2026-03-29 04:00,Naturemove,Standby,0,0,0,1,1
2026-03-30 06:15,NS,Recuperação,41,0,0,2,43
2026-03-30 06:00,NS,Recuperação,61,0,0,2,63
2026-03-30 05:45,NS,Recuperação,50,0,2,4,56
2026-03-30 05:30,NS,Recuperação,46,0,0,2,48
2026-03-30 05:15,NS,Recuperação,52,0,1,4,57
2026-03-30 05:00,NS,Recuperação,50,0,0,1,51
2026-03-30 04:45,NS,Recuperação,66,0,2,2,70
2026-03-30 04:30,NS,Recuperação,66,0,1,6,73
2026-03-30 04:15,NS,Recuperação,79,0,1,2,82
2026-03-30 04:00,NS,Recuperação,8,0,0,2,10
2026-03-30 03:45,NS,Recuperação,0,0,0,1,1
2026-03-30 06:15,Joao,Broadcast,0,0,0,7,7
2026-03-30 06:00,Joao,Broadcast,0,0,0,6,6
2026-03-30 05:45,Joao,Broadcast,0,0,0,3,3
2026-03-30 05:30,Joao,Broadcast,0,0,0,5,5
2026-03-30 05:15,Joao,Broadcast,0,0,0,3,3
2026-03-30 05:00,Joao,Broadcast,0,0,0,4,4
2026-03-30 04:45,Joao,Broadcast,0,0,0,5,5
2026-03-30 04:30,Joao,Broadcast,0,0,0,2,2
2026-03-30 04:15,Joao,Broadcast,0,0,0,4,4
2026-03-30 04:00,Joao,Broadcast,2,0,0,2,4
2026-03-30 06:15,Bernardo,Broadcast,0,0,0,11,11
2026-03-30 06:00,Bernardo,Broadcast,0,0,0,14,14
2026-03-30 05:45,Bernardo,Broadcast,0,0,0,18,18
2026-03-30 05:30,Bernardo,Broadcast,0,0,0,16,16
2026-03-30 05:15,Bernardo,Broadcast,0,0,0,31,31
2026-03-30 05:00,Bernardo,Broadcast,0,0,0,19,19
2026-03-30 04:45,Bernardo,Broadcast,0,0,0,38,38
2026-03-30 04:30,Bernardo,Broadcast,0,0,0,33,33
2026-03-30 04:15,Bernardo,Broadcast,0,0,0,35,35
2026-03-30 04:00,Bernardo,Broadcast,0,0,0,50,50
2026-03-30 04:30,Rafa,Broadcast,0,0,0,2,2
2026-03-30 06:15,Havenmove,Standby,0,0,0,3,3
2026-03-30 06:00,Havenmove,Standby,0,0,0,1,1
2026-03-30 05:45,Havenmove,Standby,0,0,0,1,1
2026-03-30 05:30,Havenmove,Standby,0,0,0,3,3
2026-03-30 05:15,Havenmove,Standby,0,0,0,1,1
2026-03-30 05:00,Havenmove,Standby,0,0,0,1,1
2026-03-30 04:45,Havenmove,Standby,0,0,0,2,2
2026-03-30 04:30,Havenmove,Standby,0,0,0,10,10
2026-03-30 04:15,Havenmove,Standby,0,0,0,4,4
2026-03-30 04:00,Havenmove,Standby,0,0,0,5,5
2026-03-30 06:15,Richard,Standby,0,0,0,1,1
2026-03-30 06:00,Richard,Standby,0,0,0,2,2
2026-03-30 05:30,Richard,Standby,0,0,0,3,3
2026-03-30 05:15,Richard,Standby,0,0,0,3,3
2026-03-30 05:00,Richard,Standby,0,0,0,1,1
2026-03-30 04:45,Richard,Standby,0,0,0,2,2
2026-03-30 04:30,Richard,Standby,0,0,0,4,4
2026-03-30 04:15,Richard,Standby,1,0,0,4,5
2026-03-30 04:00,Richard,Standby,81,1,0,13,95
2026-03-30 10:45,NS,Recuperação,3,0,0,0,3
2026-03-30 10:30,NS,Recuperação,19,0,2,1,22
2026-03-30 10:15,NS,Recuperação,27,0,0,0,27
2026-03-30 10:00,NS,Recuperação,36,1,1,2,40
2026-03-30 09:45,NS,Recuperação,34,0,1,0,35
2026-03-30 09:30,NS,Recuperação,31,0,1,0,32
2026-03-30 09:15,NS,Recuperação,41,0,0,0,41
2026-03-30 09:00,NS,Recuperação,35,0,1,4,40
2026-03-30 08:45,NS,Recuperação,41,0,1,2,44
2026-03-30 08:30,NS,Recuperação,34,0,0,3,37
2026-03-30 08:15,NS,Recuperação,33,0,0,0,33
2026-03-30 08:00,NS,Recuperação,41,0,1,3,45
2026-03-30 07:45,NS,Recuperação,48,0,1,2,51
2026-03-30 07:30,NS,Recuperação,23,0,2,6,31
2026-03-30 07:15,NS,Recuperação,50,0,1,9,60
2026-03-30 07:00,NS,Recuperação,51,1,1,1,54
2026-03-30 06:45,NS,Recuperação,57,1,1,2,61
2026-03-30 06:30,NS,Recuperação,56,0,1,1,58
2026-03-30 10:45,Joao,Broadcast,0,0,0,1,1
2026-03-30 10:30,Joao,Broadcast,0,0,0,3,3
2026-03-30 10:15,Joao,Broadcast,0,0,0,5,5
2026-03-30 10:00,Joao,Broadcast,0,0,0,5,5
2026-03-30 09:45,Joao,Broadcast,0,0,0,4,4
2026-03-30 09:30,Joao,Broadcast,0,0,0,5,5
2026-03-30 09:15,Joao,Broadcast,0,0,0,5,5
2026-03-30 09:00,Joao,Broadcast,0,0,0,2,2
2026-03-30 08:45,Joao,Broadcast,0,0,0,2,2
2026-03-30 08:15,Joao,Broadcast,0,0,0,2,2
2026-03-30 08:00,Joao,Broadcast,0,0,0,2,2
2026-03-30 07:45,Joao,Broadcast,0,0,0,1,1
2026-03-30 07:30,Joao,Broadcast,0,0,0,3,3
2026-03-30 07:15,Joao,Broadcast,0,0,0,1,1
2026-03-30 07:00,Joao,Broadcast,0,0,0,4,4
2026-03-30 06:45,Joao,Broadcast,0,0,0,4,4
2026-03-30 06:30,Joao,Broadcast,0,0,0,2,2
2026-03-30 10:45,Bernardo,Broadcast,0,0,0,1,1
2026-03-30 10:30,Bernardo,Broadcast,0,0,0,22,22
2026-03-30 10:15,Bernardo,Broadcast,0,0,0,19,19
2026-03-30 10:00,Bernardo,Broadcast,0,0,0,11,11
2026-03-30 09:45,Bernardo,Broadcast,0,0,0,19,19
2026-03-30 09:30,Bernardo,Broadcast,0,0,0,9,9
2026-03-30 09:15,Bernardo,Broadcast,0,0,0,15,15
2026-03-30 09:00,Bernardo,Broadcast,0,0,0,9,9
2026-03-30 08:45,Bernardo,Broadcast,0,0,0,5,5
2026-03-30 08:30,Bernardo,Broadcast,0,0,0,11,11
2026-03-30 08:15,Bernardo,Broadcast,0,0,0,16,16
2026-03-30 08:00,Bernardo,Broadcast,0,0,0,6,6
2026-03-30 07:45,Bernardo,Broadcast,0,0,0,8,8
2026-03-30 07:30,Bernardo,Broadcast,0,0,0,9,9
2026-03-30 07:15,Bernardo,Broadcast,0,0,0,9,9
2026-03-30 07:00,Bernardo,Broadcast,0,0,0,16,16
2026-03-30 06:45,Bernardo,Broadcast,0,0,0,16,16
2026-03-30 06:30,Bernardo,Broadcast,0,0,0,18,18
2026-03-30 10:30,Havenmove,Standby,0,0,0,1,1
2026-03-30 10:00,Havenmove,Standby,0,0,0,1,1
2026-03-30 09:30,Havenmove,Standby,0,0,0,3,3
2026-03-30 09:15,Havenmove,Standby,0,0,0,1,1
2026-03-30 08:45,Havenmove,Standby,0,0,0,2,2
2026-03-30 08:30,Havenmove,Standby,0,0,0,1,1
2026-03-30 08:15,Havenmove,Standby,0,0,0,1,1
2026-03-30 07:45,Havenmove,Standby,0,0,0,2,2
2026-03-30 07:15,Havenmove,Standby,0,0,0,2,2
2026-03-30 06:45,Havenmove,Standby,0,0,0,1,1
2026-03-30 06:30,Havenmove,Standby,0,0,0,3,3
2026-03-30 10:15,Richard,Standby,0,0,0,1,1
2026-03-30 10:00,Richard,Standby,0,1,0,2,3
2026-03-30 09:45,Richard,Standby,2,0,0,3,5
2026-03-30 09:00,Richard,Standby,0,0,0,2,2
2026-03-30 08:45,Richard,Standby,0,0,0,2,2
2026-03-30 08:30,Richard,Standby,0,0,0,1,1
2026-03-30 08:15,Richard,Standby,0,0,0,1,1
2026-03-30 07:45,Richard,Standby,0,0,0,1,1
2026-03-30 07:00,Richard,Standby,0,1,0,0,1
2026-03-30 06:45,Richard,Standby,2,0,0,2,4
2026-03-30 12:15,NS,Recuperação,56,0,2,1,59
2026-03-30 12:00,NS,Recuperação,69,0,1,2,72
2026-03-30 11:45,NS,Recuperação,51,0,0,3,54
2026-03-30 11:30,NS,Recuperação,29,0,0,4,33
2026-03-30 11:15,NS,Recuperação,35,0,0,2,37
2026-03-30 11:00,NS,Recuperação,35,0,1,2,38
2026-03-30 12:15,Joao,Broadcast,0,0,0,8,8
2026-03-30 12:00,Joao,Broadcast,0,0,0,8,8
2026-03-30 11:45,Joao,Broadcast,0,0,0,4,4
2026-03-30 11:30,Joao,Broadcast,0,0,0,2,2
2026-03-30 11:15,Joao,Broadcast,0,0,0,9,9
2026-03-30 11:00,Joao,Broadcast,0,0,0,4,4
2026-03-30 12:15,Bernardo,Broadcast,0,0,0,47,47
2026-03-30 12:00,Bernardo,Broadcast,0,0,0,52,52
2026-03-30 11:45,Bernardo,Broadcast,0,0,0,43,43
2026-03-30 11:30,Bernardo,Broadcast,0,0,0,44,44
2026-03-30 11:15,Bernardo,Broadcast,0,0,0,39,39
2026-03-30 11:00,Bernardo,Broadcast,0,0,0,25,25
2026-03-30 12:15,Havenmove,Standby,0,0,0,6,6
2026-03-30 12:00,Havenmove,Standby,0,0,0,2,2
2026-03-30 11:45,Havenmove,Standby,0,0,0,4,4
2026-03-30 11:30,Havenmove,Standby,0,0,0,4,4
2026-03-30 11:15,Havenmove,Standby,0,0,0,5,5
2026-03-30 11:00,Havenmove,Standby,0,0,0,2,2
2026-03-30 10:45,Havenmove,Standby,0,0,0,2,2
2026-03-30 12:15,Richard,Standby,0,0,0,6,6
2026-03-30 12:00,Richard,Standby,0,0,0,5,5
2026-03-30 11:45,Richard,Standby,0,0,0,2,2
2026-03-30 11:30,Richard,Standby,1,0,0,3,4
2026-03-30 11:15,Richard,Standby,0,0,0,6,6
2026-03-30 11:00,Richard,Standby,0,0,0,3,3
2026-03-30 10:45,Richard,Standby,0,0,0,1,1
2026-03-30 12:45,NS,Recuperação,43,1,1,5,50
2026-03-30 12:30,NS,Recuperação,55,0,0,2,57
2026-03-30 12:45,Joao,Broadcast,0,0,0,5,5
2026-03-30 12:30,Joao,Broadcast,0,0,0,6,6
2026-03-30 12:45,Bernardo,Broadcast,0,0,0,46,46
2026-03-30 12:30,Bernardo,Broadcast,0,0,0,45,45
2026-03-30 12:45,Havenmove,Standby,0,0,0,10,10
2026-03-30 12:30,Havenmove,Standby,0,0,0,7,7
2026-03-30 12:45,Richard,Standby,1,0,0,4,5
2026-03-30 12:30,Richard,Standby,0,0,0,2,2
2026-03-30 14:45,NS,Recuperação,46,1,0,1,48
2026-03-30 14:30,NS,Recuperação,60,0,1,7,68
2026-03-30 14:15,NS,Recuperação,68,1,0,5,74
2026-03-30 14:00,NS,Recuperação,68,0,1,4,73
2026-03-30 13:45,NS,Recuperação,58,0,2,4,64
2026-03-30 13:30,NS,Recuperação,57,0,0,6,63
2026-03-30 13:15,NS,Recuperação,78,0,1,2,81
2026-03-30 13:00,NS,Recuperação,50,0,0,2,52
2026-03-30 14:45,Joao,Broadcast,0,0,0,3,3
2026-03-30 14:30,Joao,Broadcast,0,0,0,15,15
2026-03-30 14:15,Joao,Broadcast,0,0,0,16,16
2026-03-30 14:00,Joao,Broadcast,0,0,0,15,15
2026-03-30 13:45,Joao,Broadcast,0,0,0,12,12
2026-03-30 13:30,Joao,Broadcast,0,0,0,9,9
2026-03-30 13:15,Joao,Broadcast,0,0,0,11,11
2026-03-30 13:00,Joao,Broadcast,0,0,0,6,6
2026-03-30 14:45,Bernardo,Broadcast,0,0,0,30,30
2026-03-30 14:30,Bernardo,Broadcast,0,0,0,41,41
2026-03-30 14:15,Bernardo,Broadcast,0,0,0,65,65
2026-03-30 14:00,Bernardo,Broadcast,0,0,0,69,69
2026-03-30 13:45,Bernardo,Broadcast,0,0,0,63,63
2026-03-30 13:30,Bernardo,Broadcast,0,0,0,71,71
2026-03-30 13:15,Bernardo,Broadcast,0,0,0,67,67
2026-03-30 13:00,Bernardo,Broadcast,0,0,0,69,69
2026-03-30 14:45,Havenmove,Standby,0,0,0,7,7
2026-03-30 14:30,Havenmove,Standby,0,0,0,10,10
2026-03-30 14:15,Havenmove,Standby,0,0,0,10,10
2026-03-30 14:00,Havenmove,Standby,0,0,0,5,5
2026-03-30 13:45,Havenmove,Standby,0,0,0,8,8
2026-03-30 13:30,Havenmove,Standby,0,0,0,5,5
2026-03-30 13:15,Havenmove,Standby,0,0,0,8,8
2026-03-30 13:00,Havenmove,Standby,0,0,0,6,6
2026-03-30 14:45,Richard,Standby,1,0,0,6,7
2026-03-30 14:30,Richard,Standby,1,0,0,5,6
2026-03-30 14:15,Richard,Standby,1,0,0,8,9
2026-03-30 14:00,Richard,Standby,0,0,0,4,4
2026-03-30 13:45,Richard,Standby,0,0,0,6,6
2026-03-30 13:30,Richard,Standby,0,0,0,9,9
2026-03-30 13:15,Richard,Standby,0,0,0,9,9
2026-03-30 13:00,Richard,Standby,0,0,0,11,11
2026-03-30 14:45,Naturemove,Standby,0,0,0,1,1
2026-03-30 14:30,Naturemove,Standby,0,0,0,1,1
2026-03-30 14:15,Naturemove,Standby,0,0,0,2,2
2026-03-30 13:15,Naturemove,Standby,0,0,0,2,2
2026-03-30 18:00,NS,Recuperação,24,0,0,1,25
2026-03-30 17:45,NS,Recuperação,64,0,1,6,71
2026-03-30 17:30,NS,Recuperação,43,0,1,5,49
2026-03-30 17:15,NS,Recuperação,54,1,0,1,56
2026-03-30 17:00,NS,Recuperação,56,0,0,8,64
2026-03-30 16:45,NS,Recuperação,55,0,1,2,58
2026-03-30 16:30,NS,Recuperação,74,1,0,5,80
2026-03-30 16:15,NS,Recuperação,58,2,1,2,63
2026-03-30 16:00,NS,Recuperação,48,0,0,11,59
2026-03-30 15:45,NS,Recuperação,42,0,1,5,48
2026-03-30 15:30,NS,Recuperação,58,1,0,7,66
2026-03-30 15:15,NS,Recuperação,112,1,2,3,118
2026-03-30 15:00,NS,Recuperação,79,0,0,4,83
2026-03-30 18:00,Joao,Broadcast,3965,574,156,299,4994
2026-03-30 17:45,Joao,Broadcast,0,0,0,14,14
2026-03-30 17:30,Joao,Broadcast,0,0,0,12,12
2026-03-30 17:15,Joao,Broadcast,0,0,0,12,12
2026-03-30 17:00,Joao,Broadcast,0,0,0,10,10
2026-03-30 16:45,Joao,Broadcast,0,0,0,10,10
2026-03-30 16:30,Joao,Broadcast,0,0,0,10,10
2026-03-30 16:15,Joao,Broadcast,0,0,0,12,12
2026-03-30 16:00,Joao,Broadcast,0,0,0,12,12
2026-03-30 15:45,Joao,Broadcast,0,0,0,11,11
2026-03-30 15:30,Joao,Broadcast,0,0,0,16,16
2026-03-30 15:15,Joao,Broadcast,0,0,0,5,5
2026-03-30 15:00,Joao,Broadcast,0,0,0,9,9
2026-03-30 18:00,Bernardo,Broadcast,7813,885,267,1603,10568
2026-03-30 17:45,Bernardo,Broadcast,27700,2280,700,1500,32180
2026-03-30 17:30,Bernardo,Broadcast,21102,1797,557,1029,24485
2026-03-30 17:15,Bernardo,Broadcast,13387,1517,387,654,15945
2026-03-30 17:00,Bernardo,Broadcast,12719,2036,466,1121,16342
2026-03-30 16:45,Bernardo,Broadcast,13101,2577,381,584,16643
2026-03-30 16:30,Bernardo,Broadcast,12052,2382,371,738,15543
2026-03-30 16:15,Bernardo,Broadcast,9844,1886,294,453,12477
2026-03-30 16:00,Bernardo,Broadcast,9494,2038,330,1308,13170
2026-03-30 15:45,Bernardo,Broadcast,11093,2235,304,419,14051
2026-03-30 15:30,Bernardo,Broadcast,9980,1938,278,369,12565
2026-03-30 15:15,Bernardo,Broadcast,0,0,0,45,45
2026-03-30 15:00,Bernardo,Broadcast,0,0,0,79,79
2026-03-30 16:15,Rafa,Broadcast,0,0,0,1,1
2026-03-30 15:45,Rafa,Broadcast,0,0,0,2,2
2026-03-30 15:00,Rafa,Broadcast,0,0,0,1,1
2026-03-30 18:00,Havenmove,Standby,0,0,0,3,3
2026-03-30 17:45,Havenmove,Standby,0,0,0,6,6
2026-03-30 17:30,Havenmove,Standby,0,0,0,4,4
2026-03-30 17:15,Havenmove,Standby,0,0,0,5,5
2026-03-30 17:00,Havenmove,Standby,0,0,0,4,4
2026-03-30 16:45,Havenmove,Standby,0,0,0,5,5
2026-03-30 16:30,Havenmove,Standby,0,0,0,4,4
2026-03-30 16:15,Havenmove,Standby,0,0,0,8,8
2026-03-30 16:00,Havenmove,Standby,0,0,0,7,7
2026-03-30 15:45,Havenmove,Standby,0,0,0,13,13
2026-03-30 15:30,Havenmove,Standby,0,0,0,10,10
2026-03-30 15:15,Havenmove,Standby,0,0,0,5,5
2026-03-30 15:00,Havenmove,Standby,0,0,0,4,4
2026-03-30 18:00,Richard,Standby,12,0,0,4,16
2026-03-30 17:45,Richard,Standby,7,0,0,5,12
2026-03-30 17:30,Richard,Standby,39,1,1,5,46
2026-03-30 17:15,Richard,Standby,39,1,2,7,49
2026-03-30 17:00,Richard,Standby,35,1,0,11,47
2026-03-30 16:45,Richard,Standby,35,0,2,8,45
2026-03-30 16:30,Richard,Standby,38,0,0,14,52
2026-03-30 16:15,Richard,Standby,32,0,0,11,43
2026-03-30 16:00,Richard,Standby,48,0,0,15,63
2026-03-30 15:45,Richard,Standby,24,1,0,8,33
2026-03-30 15:30,Richard,Standby,39,0,0,12,51
2026-03-30 15:15,Richard,Standby,1,0,0,5,6
2026-03-30 15:00,Richard,Standby,1,0,0,7,8
2026-03-30 17:45,Naturemove,Standby,0,0,0,2,2
2026-03-30 16:45,Naturemove,Standby,0,0,0,1,1
2026-03-30 20:00,NS,Recuperação,29,0,0,1,30
2026-03-30 19:45,NS,Recuperação,103,1,1,4,109
2026-03-30 19:30,NS,Recuperação,67,0,2,5,74
2026-03-30 19:15,NS,Recuperação,56,0,1,8,65
2026-03-30 19:00,NS,Recuperação,71,0,1,1,73
2026-03-30 18:45,NS,Recuperação,35,0,3,6,44
2026-03-30 18:30,NS,Recuperação,78,0,0,5,83
2026-03-30 18:15,NS,Recuperação,90,1,0,2,93
2026-03-30 20:00,Joao,Broadcast,5808,301,266,215,6590
2026-03-30 19:45,Joao,Broadcast,0,0,0,36,36
2026-03-30 19:30,Joao,Broadcast,0,0,0,33,33
2026-03-30 19:15,Joao,Broadcast,0,0,0,55,55
2026-03-30 19:00,Joao,Broadcast,568,58,13,167,806
2026-03-30 18:45,Joao,Broadcast,21596,2847,626,618,25687
2026-03-30 18:30,Joao,Broadcast,19444,4113,681,485,24723
2026-03-30 18:15,Joao,Broadcast,22879,2623,764,387,26653
2026-03-30 20:00,Bernardo,Broadcast,8040,647,294,1180,10161
2026-03-30 19:45,Bernardo,Broadcast,29177,1718,741,2095,33731
2026-03-30 19:30,Bernardo,Broadcast,30173,1532,636,2055,34396
2026-03-30 19:15,Bernardo,Broadcast,30089,1502,665,1731,33987
2026-03-30 19:00,Bernardo,Broadcast,28683,2742,621,1935,33981
2026-03-30 18:45,Bernardo,Broadcast,8749,1036,284,404,10473
2026-03-30 18:30,Bernardo,Broadcast,8061,1679,227,385,10352
2026-03-30 18:15,Bernardo,Broadcast,9916,1097,385,450,11848
2026-03-30 19:45,Rafa,Broadcast,0,0,0,1,1
2026-03-30 19:30,Rafa,Broadcast,0,0,0,1,1
2026-03-30 19:15,Rafa,Broadcast,0,0,0,1,1
2026-03-30 19:00,Rafa,Broadcast,0,0,0,1,1
2026-03-30 18:15,Rafa,Broadcast,0,0,0,1,1
2026-03-30 18:00,Rafa,Broadcast,0,0,0,1,1
2026-03-30 20:00,Havenmove,Standby,0,0,0,5,5
2026-03-30 19:45,Havenmove,Standby,0,0,0,6,6
2026-03-30 19:30,Havenmove,Standby,0,0,0,6,6
2026-03-30 19:15,Havenmove,Standby,0,0,0,6,6
2026-03-30 19:00,Havenmove,Standby,0,0,0,2,2
2026-03-30 18:45,Havenmove,Standby,0,0,0,7,7
2026-03-30 18:30,Havenmove,Standby,0,0,0,7,7
2026-03-30 18:15,Havenmove,Standby,0,0,0,6,6
2026-03-30 20:00,Richard,Standby,20,0,0,6,26
2026-03-30 19:45,Richard,Standby,14,0,0,8,22
2026-03-30 19:30,Richard,Standby,17,0,0,7,24
2026-03-30 19:15,Richard,Standby,25,0,0,10,35
2026-03-30 19:00,Richard,Standby,26,0,0,9,35
2026-03-30 18:45,Richard,Standby,44,0,0,5,49
2026-03-30 18:30,Richard,Standby,20,0,0,8,28
2026-03-30 18:15,Richard,Standby,14,0,0,11,25
2026-03-30 18:30,Naturemove,Standby,0,0,0,1,1
2026-03-30 22:00,NS,Recuperação,19,0,1,1,21
2026-03-30 21:45,NS,Recuperação,48,0,1,4,53
2026-03-30 21:30,NS,Recuperação,49,0,1,2,52
2026-03-30 21:15,NS,Recuperação,48,0,0,2,50
2026-03-30 21:00,NS,Recuperação,54,0,0,6,60
2026-03-30 20:45,NS,Recuperação,41,0,0,3,44
2026-03-30 20:30,NS,Recuperação,48,0,3,3,54
2026-03-30 20:15,NS,Recuperação,48,0,2,3,53
2026-03-30 22:00,Joao,Broadcast,7787,1265,208,379,9639
2026-03-30 21:45,Joao,Broadcast,17431,2532,663,663,21289
2026-03-30 21:30,Joao,Broadcast,23892,2199,917,654,27662
2026-03-30 21:15,Joao,Broadcast,22923,2269,847,733,26772
2026-03-30 21:00,Joao,Broadcast,22240,3370,1005,743,27358
2026-03-30 20:45,Joao,Broadcast,20342,1078,1033,432,22885
2026-03-30 20:30,Joao,Broadcast,20467,1087,881,441,22876
2026-03-30 20:15,Joao,Broadcast,1455,60,51,70,1636
2026-03-30 22:00,Bernardo,Broadcast,2881,615,77,216,3789
2026-03-30 21:45,Bernardo,Broadcast,6739,1157,248,436,8580
2026-03-30 21:30,Bernardo,Broadcast,10516,1008,378,520,12422
2026-03-30 21:15,Bernardo,Broadcast,10339,1048,355,553,12295
2026-03-30 21:00,Bernardo,Broadcast,9228,1170,406,595,11399
2026-03-30 20:45,Bernardo,Broadcast,8959,564,353,507,10383
2026-03-30 20:30,Bernardo,Broadcast,9131,563,439,611,10744
2026-03-30 20:15,Bernardo,Broadcast,595,32,24,540,1191
2026-03-30 20:30,Rafa,Broadcast,0,0,0,1,1
2026-03-30 20:15,Rafa,Broadcast,0,0,0,1,1
2026-03-30 22:00,Havenmove,Standby,0,0,0,31,31
2026-03-30 21:45,Havenmove,Standby,728,0,16,157,901
2026-03-30 21:30,Havenmove,Standby,2450,0,46,241,2737
2026-03-30 21:15,Havenmove,Standby,2570,0,63,192,2825
2026-03-30 21:00,Havenmove,Standby,2572,0,49,238,2859
2026-03-30 20:45,Havenmove,Standby,2587,0,39,204,2830
2026-03-30 20:30,Havenmove,Standby,2584,0,55,171,2810
2026-03-30 20:15,Havenmove,Standby,2601,156,52,118,2927
2026-03-30 22:00,Richard,Standby,306,1,4,34,345
2026-03-30 21:45,Richard,Standby,1688,0,46,134,1868
2026-03-30 21:30,Richard,Standby,2550,0,68,150,2768
2026-03-30 21:15,Richard,Standby,2570,0,60,158,2788
2026-03-30 21:00,Richard,Standby,2567,0,57,160,2784
2026-03-30 20:45,Richard,Standby,2569,1,53,142,2765
2026-03-30 20:30,Richard,Standby,2583,0,53,117,2753
2026-03-30 20:15,Richard,Standby,2583,853,61,111,3608
2026-03-30 22:15,NS,Recuperação,49,1,1,0,51
2026-03-30 22:15,Joao,Broadcast,16388,2502,447,787,20124
2026-03-30 22:15,Bernardo,Broadcast,5770,1256,169,391,7586
2026-03-30 22:15,Havenmove,Standby,0,0,0,36,36
2026-03-30 22:15,Richard,Standby,220,1,6,34,261
2026-03-30 22:30,NS,Recuperação,55,0,0,6,61
2026-03-30 22:30,Joao,Broadcast,17788,1242,818,736,20584
2026-03-30 22:30,Bernardo,Broadcast,7626,663,348,437,9074
2026-03-30 22:30,Havenmove,Standby,0,0,0,48,48
2026-03-30 22:30,Richard,Standby,33,0,1,30,64
2026-03-30 22:45,NS,Recuperação,24,0,0,3,27
2026-03-30 22:45,Joao,Broadcast,6327,1131,182,255,7895
2026-03-30 22:45,Bernardo,Broadcast,2574,213,68,189,3044
2026-03-30 22:45,Havenmove,Standby,0,0,0,13,13
2026-03-30 22:45,Richard,Standby,0,0,0,11,11
